,H,H_odds,A,A_odds
0,PIT,-119.0,STL,109.0
1,TAM,-121.0,TOR,111.0
2,KAN,110.0,NYM,-120.0
3,MIL,155.0,SFO,-175.0
4,ATL,160.0,WAS,-180.0
5,CIN,-175.0,PHI,155.0
6,SDG,170.0,LOS,-200.0
7,ARI,-175.0,COL,155.0
8,BAL,-119.0,MIN,109.0
9,TEX,-126.0,SEA,116.0
10,TAM,-117.0,TOR,107.0
11,CWS,-145.0,OAK,130.0
12,CUB,-145.0,LAA,130.0
13,STL,102.0,PIT,-112.0
14,SFO,-158.0,MIL,143.0
15,COL,115.0,ARI,-130.0
16,LOS,-115.0,SDG,105.0
17,TOR,-107.0,TAM,-103.0
18,SEA,-103.0,TEX,-107.0
19,CWS,-113.0,OAK,103.0
20,NYM,-127.0,KAN,117.0
21,DET,-107.0,MIA,-103.0
22,CUB,-125.0,LAA,115.0
23,HOU,-123.0,NYY,113.0
24,BOS,113.0,CLE,-123.0
25,SFO,-141.0,MIL,126.0
26,COL,125.0,ARI,-140.0
27,STL,102.0,PIT,-112.0
28,WAS,-190.0,ATL,170.0
29,PHI,117.0,CIN,-132.0
30,LOS,-145.0,SDG,130.0
31,TOR,-123.0,TAM,113.0
32,SEA,-130.0,TEX,115.0
33,BOS,126.0,CLE,-141.0
34,HOU,116.0,NYY,-131.0
35,MIN,106.0,BAL,-116.0
36,CWS,117.0,OAK,-127.0
37,DET,154.0,MIA,-174.0
38,PHI,116.0,CIN,-126.0
39,MIA,126.0,WAS,-141.0
40,LOS,110.0,SFO,-120.0
41,CUB,-177.0,ARI,157.0
42,CWS,101.0,OAK,-111.0
43,HOU,-103.0,NYY,-107.0
44,MIN,125.0,BAL,-140.0
45,TEX,129.0,LAA,-144.0
46,PHI,237.0,NYM,-277.0
47,SDG,140.0,COL,-155.0
48,PIT,-141.0,CIN,126.0
49,STL,-164.0,ATL,149.0
50,CUB,-124.0,ARI,114.0
51,LOS,-110.0,SFO,100.0
52,NYY,108.0,DET,-118.0
53,CLE,-144.0,CWS,129.0
54,TAM,-125.0,BAL,115.0
55,BOS,140.0,TOR,-155.0
56,MIN,144.0,KAN,-159.0
57,TEX,117.0,LAA,-127.0
58,OAK,139.0,SEA,-154.0
59,HOU,-111.0,MIL,101.0
60,PIT,-122.0,CIN,112.0
61,LOS,-148.0,SFO,133.0
62,STL,-130.0,ATL,115.0
63,PHI,138.0,NYM,-153.0
64,SDG,111.0,COL,-121.0
65,CUB,-105.0,ARI,-105.0
66,BOS,105.0,TOR,-115.0
67,NYY,101.0,DET,-111.0
68,CLE,150.0,CWS,-170.0
69,MIN,116.0,KAN,-126.0
70,TEX,109.0,LAA,-119.0
71,OAK,114.0,SEA,-124.0
72,HOU,-155.0,MIL,140.0
73,PHI,200.0,NYM,-240.0
74,PIT,-120.0,CIN,110.0
75,MIA,140.0,WAS,-155.0
76,STL,-158.0,ATL,143.0
77,LOS,130.0,SFO,-145.0
78,SDG,125.0,COL,-140.0
79,CUB,-215.0,ARI,185.0
80,BOS,136.0,TOR,-151.0
81,TAM,-105.0,BAL,-105.0
82,MIN,150.0,KAN,-170.0
83,TEX,115.0,LAA,-125.0
84,OAK,148.0,SEA,-163.0
85,HOU,-173.0,MIL,153.0
86,SDG,110.0,PHI,-120.0
87,MIL,157.0,STL,-177.0
88,ATL,203.0,WAS,-243.0
89,MIA,145.0,NYM,-160.0
90,CIN,165.0,CUB,-185.0
91,BAL,165.0,BOS,-185.0
92,CWS,-118.0,MIN,108.0
93,KAN,133.0,HOU,-148.0
94,LAA,129.0,OAK,-144.0
95,TEX,155.0,SEA,-175.0
96,PIT,146.0,DET,-161.0
97,ARI,126.0,LOS,-141.0
98,ATL,159.0,WAS,-179.0
99,SDG,-108.0,PHI,-102.0
100,MIA,115.0,NYM,-125.0
101,SFO,106.0,COL,-116.0
102,NYY,104.0,TOR,-114.0
103,CLE,-120.0,TAM,110.0
104,BAL,137.0,BOS,-152.0
105,KAN,115.0,HOU,-125.0
106,LAA,103.0,OAK,-113.0
107,TEX,116.0,SEA,-126.0
108,PIT,106.0,DET,-116.0
109,MIA,105.0,NYM,-115.0
110,ATL,126.0,WAS,-141.0
111,SDG,105.0,PHI,-115.0
112,CIN,170.0,CUB,-200.0
113,MIL,130.0,STL,-145.0
114,SFO,-105.0,COL,-105.0
115,ARI,155.0,LOS,-175.0
116,LAA,-107.0,OAK,-103.0
117,TEX,130.0,SEA,-145.0
118,NYY,116.0,TOR,-126.0
119,BAL,113.0,BOS,-123.0
120,CLE,-109.0,TAM,-101.0
121,KAN,-105.0,HOU,-105.0
122,CWS,-105.0,MIN,-105.0
123,DET,112.0,PIT,-122.0
124,SDG,105.0,PHI,-115.0
125,MIL,170.0,STL,-200.0
126,SFO,-102.0,COL,-108.0
127,ATL,205.0,WAS,-235.0
128,CIN,144.0,CUB,-159.0
129,ARI,116.0,LOS,-126.0
130,CWS,114.0,MIN,-124.0
131,CLE,128.0,TAM,-143.0
132,NYY,128.0,TOR,-143.0
133,BAL,117.0,TEX,-127.0
134,KAN,113.0,HOU,-123.0
135,DET,133.0,PIT,-148.0
136,COL,200.0,CUB,-240.0
137,MIL,125.0,PIT,-140.0
138,WAS,-145.0,PHI,130.0
139,ATL,180.0,MIA,-210.0
140,CIN,165.0,STL,-185.0
141,SFO,146.0,LOS,-161.0
142,ARI,-151.0,SDG,136.0
143,SEA,127.0,NYY,-142.0
144,TOR,109.0,BOS,-119.0
145,CWS,-109.0,TAM,-101.0
146,BAL,-114.0,TEX,104.0
147,DET,175.0,HOU,-205.0
148,LAA,-150.0,MIN,135.0
149,KAN,105.0,OAK,-115.0
150,NYM,109.0,CLE,-119.0
151,CIN,125.0,STL,-140.0
152,COL,265.0,CUB,-315.0
153,MIL,125.0,PIT,-140.0
154,WAS,-206.0,PHI,176.0
155,ATL,130.0,MIA,-145.0
156,ARI,-107.0,SDG,-103.0
157,SFO,-107.0,LOS,-103.0
158,SEA,-122.0,NYY,112.0
159,LAA,114.0,MIN,-124.0
160,KAN,129.0,OAK,-144.0
161,TOR,117.0,BOS,-132.0
162,CWS,133.0,TAM,-148.0
163,DET,117.0,HOU,-127.0
164,BAL,-105.0,TEX,-105.0
165,NYM,-122.0,CLE,112.0
166,ATL,117.0,MIA,-127.0
167,WAS,-150.0,PHI,135.0
168,MIL,115.0,PIT,-125.0
169,CIN,157.0,STL,-177.0
170,COL,200.0,CUB,-230.0
171,ARI,102.0,SDG,-112.0
172,SFO,130.0,LOS,-145.0
173,SEA,118.0,NYY,-128.0
174,CWS,-109.0,TAM,-101.0
175,TOR,-141.0,BOS,126.0
176,DET,111.0,HOU,-121.0
177,LAA,-108.0,MIN,-102.0
178,KAN,-110.0,OAK,100.0
179,NYM,144.0,CLE,-159.0
180,NYM,-171.0,PHI,151.0
181,WAS,156.0,MIA,-176.0
182,COL,117.0,CIN,-127.0
183,CUB,-114.0,STL,104.0
184,ARI,130.0,SFO,-145.0
185,TOR,-105.0,BOS,-105.0
186,LAA,107.0,CWS,-117.0
187,MIL,126.0,MIN,-141.0
188,NYM,-109.0,PHI,-101.0
189,WAS,-146.0,MIA,131.0
190,LOS,-215.0,ATL,185.0
191,COL,102.0,CIN,-112.0
192,CUB,107.0,STL,-117.0
193,PIT,-154.0,SDG,139.0
194,ARI,108.0,SFO,-118.0
195,SEA,136.0,CLE,-151.0
196,OAK,149.0,NYY,-164.0
197,TOR,-132.0,BAL,117.0
198,TAM,-112.0,BOS,102.0
199,DET,148.0,KAN,-163.0
200,HOU,-103.0,TEX,-107.0
201,LAA,104.0,CWS,-114.0
202,MIL,157.0,MIN,-177.0
203,COL,117.0,CIN,-127.0
204,CUB,106.0,STL,-116.0
205,NYM,-160.0,PHI,145.0
206,WAS,-108.0,MIA,-102.0
207,LOS,-155.0,ATL,140.0
208,PIT,-109.0,SDG,-101.0
209,ARI,130.0,SFO,-145.0
210,LAA,139.0,CWS,-154.0
211,SEA,119.0,CLE,-129.0
212,OAK,131.0,NYY,-146.0
213,TOR,107.0,BAL,-117.0
214,TAM,-105.0,BOS,-105.0
215,DET,117.0,KAN,-132.0
216,HOU,113.0,TEX,-123.0
217,MIN,125.0,MIL,-140.0
218,WAS,-205.0,MIA,175.0
219,LOS,-290.0,ATL,250.0
220,ARI,157.0,SFO,-177.0
221,CUB,-200.0,CIN,170.0
222,PIT,-155.0,SDG,140.0
223,SEA,-114.0,CLE,104.0
224,LAA,-105.0,CWS,-105.0
225,TAM,140.0,BOS,-155.0
226,OAK,115.0,NYY,-125.0
227,TOR,-123.0,BAL,113.0
228,DET,144.0,KAN,-159.0
229,HOU,-190.0,TEX,170.0
230,MIN,-105.0,MIL,-105.0
231,NYM,-200.0,ATL,170.0
232,CUB,-210.0,CIN,180.0
233,PHI,118.0,MIL,-128.0
234,LOS,-124.0,COL,114.0
235,PIT,118.0,ARI,-128.0
236,MIA,150.0,SFO,-170.0
237,STL,-140.0,SDG,125.0
238,TAM,-113.0,NYY,103.0
239,OAK,110.0,TOR,-120.0
240,CLE,-105.0,DET,-105.0
241,TEX,160.0,CWS,-180.0
242,BOS,129.0,HOU,-144.0
243,BAL,116.0,KAN,-131.0
244,SEA,-105.0,LAA,-105.0
245,MIN,148.0,WAS,-163.0
246,CUB,-174.0,CIN,154.0
247,NYM,-149.0,ATL,134.0
248,PHI,125.0,MIL,-140.0
249,LOS,-117.0,COL,107.0
250,PIT,-110.0,ARI,100.0
251,STL,-148.0,SDG,133.0
252,MIA,-119.0,SFO,109.0
253,TAM,148.0,NYY,-163.0
254,OAK,160.0,TOR,-180.0
255,CLE,-116.0,DET,106.0
256,TEX,127.0,CWS,-142.0
257,BOS,116.0,HOU,-131.0
258,BAL,109.0,KAN,-119.0
259,SEA,102.0,LAA,-112.0
260,MIN,113.0,WAS,-123.0
261,CUB,-171.0,CIN,151.0
262,NYM,-170.0,ATL,150.0
263,PHI,-109.0,MIL,-101.0
264,MIA,-110.0,SFO,100.0
265,LOS,-124.0,COL,114.0
266,PIT,-116.0,ARI,106.0
267,STL,-150.0,SDG,135.0
268,TAM,110.0,NYY,-120.0
269,OAK,175.0,TOR,-195.0
270,CLE,-171.0,DET,151.0
271,TEX,114.0,CWS,-124.0
272,BAL,126.0,KAN,-141.0
273,SEA,111.0,LAA,-121.0
274,BOS,-105.0,HOU,-105.0
275,MIN,148.0,WAS,-163.0
276,CIN,180.0,NYM,-210.0
277,PIT,119.0,COL,-134.0
278,STL,109.0,ARI,-119.0
279,MIA,-102.0,LOS,-108.0
280,SDG,160.0,SFO,-180.0
281,CWS,165.0,TOR,-185.0
282,OAK,115.0,DET,-130.0
283,BAL,114.0,TAM,-124.0
284,NYY,-119.0,TEX,109.0
285,CLE,-150.0,MIN,135.0
286,KAN,106.0,LAA,-116.0
287,HOU,128.0,SEA,-143.0
288,BOS,-125.0,ATL,115.0
289,PHI,170.0,WAS,-200.0
290,CIN,135.0,NYM,-150.0
291,MIL,200.0,CUB,-230.0
292,PIT,-153.0,COL,138.0
293,STL,-125.0,ARI,115.0
294,MIA,265.0,LOS,-315.0
295,SDG,185.0,SFO,-215.0
296,CWS,-125.0,TOR,115.0
297,OAK,-134.0,DET,119.0
298,BAL,109.0,TAM,-119.0
299,NYY,-115.0,TEX,105.0
300,CLE,-120.0,MIN,110.0
301,KAN,-127.0,LAA,117.0
302,HOU,-147.0,SEA,132.0
303,BOS,-230.0,ATL,200.0
304,SDG,172.0,SFO,-202.0
305,PHI,182.0,WAS,-212.0
306,CIN,175.0,NYM,-205.0
307,PIT,108.0,COL,-118.0
308,STL,109.0,ARI,-119.0
309,MIA,146.0,LOS,-161.0
310,CWS,110.0,TOR,-120.0
311,OAK,-109.0,DET,-101.0
312,BAL,105.0,TAM,-115.0
313,NYY,109.0,TEX,-119.0
314,CLE,-105.0,MIN,-105.0
315,KAN,117.0,LAA,-127.0
316,HOU,118.0,SEA,-133.0
317,ATL,180.0,BOS,-210.0
318,MIL,305.0,CUB,-365.0
319,PHI,125.0,WAS,-140.0
320,STL,-122.0,ARI,112.0
321,MIA,110.0,LAD,-120.0
322,OAK,115.0,DET,-125.0
323,CWS,133.0,BAL,-148.0
324,ATL,175.0,BOS,-195.0
325,ATL,250.0,CUB,-290.0
326,CIN,136.0,PIT,-151.0
327,SFO,126.0,NYM,-141.0
328,MIA,106.0,MIL,-116.0
329,WAS,-145.0,STL,130.0
330,COL,127.0,ARI,-142.0
331,SDG,155.0,LOS,-175.0
332,CWS,104.0,BAL,-114.0
333,NYY,-121.0,BOS,111.0
334,TOR,114.0,TAM,-124.0
335,LAA,-140.0,TEX,125.0
336,DET,115.0,MIN,-125.0
337,HOU,-115.0,OAK,105.0
338,KAN,131.0,SEA,-146.0
339,CLE,-195.0,PHI,175.0
340,WAS,131.0,STL,-146.0
341,SFO,151.0,NYM,-171.0
342,CIN,175.0,PIT,-205.0
343,MIA,-121.0,MIL,111.0
344,COL,180.0,ARI,-210.0
345,SDG,175.0,LOS,-195.0
346,DET,-116.0,MIN,106.0
347,HOU,100.0,OAK,-110.0
348,TOR,114.0,TAM,-124.0
349,CWS,151.0,BAL,-171.0
350,NYY,109.0,BOS,-119.0
351,LAA,-107.0,TEX,-103.0
352,KAN,-111.0,SEA,101.0
353,CLE,-119.0,PHI,109.0
354,SFO,114.0,NYM,-124.0
355,CIN,135.0,PIT,-150.0
356,MIA,-110.0,MIL,100.0
357,WAS,-116.0,STL,106.0
358,ATL,175.0,CUB,-205.0
359,SDG,250.0,LOS,-290.0
360,COL,-105.0,ARI,-105.0
361,TOR,-119.0,TAM,109.0
362,CWS,-110.0,BAL,100.0
363,DET,126.0,MIN,-141.0
364,LAA,105.0,TEX,-115.0
365,HOU,137.0,OAK,-152.0
366,KAN,107.0,SEA,-117.0
367,NYY,152.0,BOS,-167.0
368,CLE,-125.0,PHI,115.0
369,CUB,129.0,PIT,-144.0
370,SFO,-170.0,CIN,150.0
371,ATL,170.0,NYM,-200.0
372,PHI,150.0,STL,-170.0
373,COL,-118.0,SDG,108.0
374,TEX,145.0,TOR,-160.0
375,MIN,156.0,HOU,-176.0
376,SEA,-102.0,OAK,-108.0
377,LAA,-104.0,MIL,-106.0
378,WAS,112.0,KAN,-122.0
379,CUB,-173.0,PIT,153.0
380,ARI,-121.0,MIA,111.0
381,SFO,-129.0,CIN,119.0
382,ATL,200.0,NYM,-230.0
383,PHI,154.0,STL,-174.0
384,COL,100.0,SDG,-110.0
385,DET,119.0,CLE,-129.0
386,NYY,103.0,BAL,-113.0
387,TEX,163.0,TOR,-183.0
388,BOS,128.0,CWS,-143.0
389,MIN,141.0,HOU,-156.0
390,SEA,107.0,OAK,-117.0
391,LOS,132.0,TAM,-147.0
392,LAA,-132.0,MIL,117.0
393,WAS,109.0,KAN,-119.0
394,SFO,101.0,CIN,-111.0
395,CUB,-127.0,PIT,117.0
396,ATL,175.0,NYM,-195.0
397,COL,-120.0,SDG,110.0
398,ARI,156.0,MIA,-176.0
399,PHI,145.0,STL,-160.0
400,SEA,-111.0,OAK,101.0
401,DET,165.0,CLE,-185.0
402,NYY,119.0,BAL,-129.0
403,TEX,170.0,TOR,-200.0
404,MIN,147.0,HOU,-162.0
405,BOS,109.0,CWS,-119.0
406,LAA,-145.0,MIL,130.0
407,WAS,-150.0,KAN,135.0
408,LOS,145.0,TAM,-160.0
409,PHI,165.0,STL,-185.0
410,ARI,117.0,MIA,-132.0
411,MIL,100.0,CIN,-110.0
412,WAS,127.0,CUB,-142.0
413,NYM,-200.0,SDG,170.0
414,COL,118.0,SFO,-128.0
415,DET,117.0,CLE,-127.0
416,NYY,-103.0,BAL,-107.0
417,TEX,170.0,TOR,-200.0
418,SEA,118.0,HOU,-133.0
419,BOS,-105.0,CWS,-105.0
420,WAS,-107.0,CUB,-103.0
421,PHI,125.0,MIA,-140.0
422,MIL,119.0,CIN,-129.0
423,ARI,-164.0,ATL,149.0
424,PIT,117.0,STL,-127.0
425,COL,175.0,SFO,-205.0
426,NYM,-160.0,SDG,145.0
427,BOS,-104.0,NYY,-106.0
428,TEX,103.0,DET,-113.0
429,KAN,123.0,CLE,-138.0
430,MIN,116.0,CWS,-131.0
431,SEA,-112.0,HOU,102.0
432,TAM,-134.0,LAA,119.0
433,LOS,119.0,TOR,-129.0
434,PIT,125.0,STL,-140.0
435,WAS,130.0,CUB,-145.0
436,COL,165.0,SFO,-185.0
437,MIL,102.0,CIN,-112.0
438,PHI,118.0,MIA,-133.0
439,ARI,111.0,ATL,-121.0
440,NYM,-133.0,SDG,118.0
441,BOS,-155.0,NYY,140.0
442,TEX,-106.0,DET,-104.0
443,KAN,-109.0,CLE,-101.0
444,OAK,110.0,BAL,-120.0
445,SEA,149.0,HOU,-164.0
446,MIN,180.0,CWS,-210.0
447,TAM,-125.0,LAA,115.0
448,LOS,-150.0,TOR,135.0
449,OAK,-125.0,BAL,115.0
450,PHI,-119.0,MIA,109.0
451,MIL,-119.0,CIN,109.0
452,ARI,-140.0,ATL,125.0
453,PIT,105.0,STL,-115.0
454,WAS,200.0,CUB,-230.0
455,COL,175.0,SFO,-195.0
456,NYM,-150.0,SDG,135.0
457,TEX,119.0,DET,-129.0
458,KAN,119.0,CLE,-129.0
459,OAK,140.0,BAL,-155.0
460,SEA,-111.0,HOU,101.0
461,MIN,175.0,CWS,-195.0
462,TAM,114.0,LAA,-124.0
463,BOS,104.0,NYY,-114.0
464,LOS,140.0,TOR,-155.0
465,MIL,245.0,MIA,-285.0
466,PIT,-121.0,CIN,111.0
467,ARI,151.0,COL,-171.0
468,NYM,-105.0,LOS,-105.0
469,KAN,115.0,NYY,-130.0
470,OAK,115.0,BOS,-130.0
471,CWS,106.0,TEX,-116.0
472,CLE,-113.0,HOU,103.0
473,TAM,116.0,SEA,-126.0
474,DET,185.0,WAS,-215.0
475,TOR,-133.0,SFO,118.0
476,PHI,109.0,ATL,-119.0
477,MIL,148.0,MIA,-163.0
478,SDG,225.0,CUB,-265.0
479,ARI,114.0,COL,-124.0
480,NYM,107.0,LOS,-117.0
481,KAN,154.0,NYY,-174.0
482,OAK,-104.0,BOS,-106.0
483,CWS,-116.0,TEX,106.0
484,CLE,117.0,HOU,-127.0
485,BAL,-125.0,MIN,115.0
486,TAM,-128.0,SEA,118.0
487,DET,159.0,WAS,-179.0
488,STL,108.0,LAA,-118.0
489,TOR,-126.0,SFO,116.0
490,ARI,116.0,COL,-126.0
491,MIL,141.0,MIA,-156.0
492,PHI,-117.0,ATL,107.0
493,PIT,-142.0,CIN,127.0
494,SDG,180.0,CUB,-210.0
495,NYM,-109.0,LOS,-101.0
496,BAL,-118.0,MIN,108.0
497,CWS,134.0,TEX,-149.0
498,CLE,-142.0,HOU,127.0
499,TAM,110.0,SEA,-120.0
500,KAN,115.0,NYY,-130.0
501,OAK,170.0,BOS,-200.0
502,TOR,109.0,SFO,-119.0
503,DET,153.0,WAS,-173.0
504,STL,-147.0,LAA,132.0
505,SDG,215.0,CUB,-255.0
506,PHI,-130.0,ATL,115.0
507,SDG,125.0,MIL,-140.0
508,SFO,-108.0,ARI,-102.0
509,NYM,230.0,LOS,-270.0
510,KAN,119.0,NYY,-134.0
511,DET,155.0,BAL,-175.0
512,HOU,132.0,BOS,-147.0
513,STL,-123.0,LAA,113.0
514,PIT,126.0,CUB,-141.0
515,MIA,150.0,WAS,-170.0
516,CIN,104.0,PHI,-114.0
517,SDG,164.0,MIL,-184.0
518,NYM,-113.0,COL,103.0
519,SFO,-172.0,ARI,152.0
520,STL,-117.0,LOS,107.0
521,CWS,-140.0,NYY,125.0
522,DET,116.0,BAL,-131.0
523,MIN,140.0,CLE,-155.0
524,HOU,116.0,BOS,-131.0
525,OAK,105.0,TAM,-115.0
526,TOR,-127.0,TEX,117.0
527,LAA,144.0,SEA,-159.0
528,ATL,155.0,KAN,-175.0
529,PIT,250.0,CUB,-290.0
530,MIA,115.0,WAS,-130.0
531,CIN,140.0,PHI,-155.0
532,SDG,115.0,MIL,-130.0
533,NYM,-131.0,COL,116.0
534,SFO,117.0,ARI,-127.0
535,STL,-106.0,LOS,-104.0
536,CWS,-150.0,NYY,135.0
537,HOU,106.0,BOS,-116.0
538,MIN,170.0,CLE,-200.0
539,OAK,129.0,TAM,-144.0
540,DET,117.0,BAL,-132.0
541,TOR,-141.0,TEX,126.0
542,LAA,143.0,SEA,-158.0
543,ATL,170.0,KAN,-200.0
544,MIA,230.0,WAS,-270.0
545,MIA,-123.0,WAS,113.0
546,CIN,109.0,PHI,-119.0
547,SDG,110.0,MIL,-120.0
548,PIT,127.0,CUB,-142.0
549,NYM,-121.0,COL,111.0
550,SFO,110.0,ARI,-120.0
551,STL,119.0,LOS,-134.0
552,CWS,154.0,NYY,-174.0
553,MIN,112.0,CLE,-122.0
554,OAK,130.0,TAM,-145.0
555,DET,150.0,BAL,-170.0
556,HOU,-116.0,BOS,106.0
557,TOR,-164.0,TEX,149.0
558,LAA,130.0,SEA,-145.0
559,ATL,205.0,KAN,-235.0
560,ATL,175.0,PIT,-195.0
561,MIA,-124.0,PHI,114.0
562,TAM,119.0,TOR,-134.0
563,MIN,120.0,DET,-135.0
564,TEX,125.0,OAK,-140.0
565,CIN,160.0,CLE,-180.0
566,NYY,112.0,ARI,-122.0
567,LAA,170.0,LOS,-200.0
568,MIA,-105.0,PHI,-105.0
569,ATL,154.0,PIT,-174.0
570,WAS,-109.0,NYM,-101.0
571,CUB,-200.0,MIL,170.0
572,COL,164.0,STL,-184.0
573,SFO,-185.0,SDG,165.0
574,SEA,111.0,BAL,-121.0
575,TAM,133.0,TOR,-148.0
576,MIN,111.0,DET,-121.0
577,HOU,-128.0,CWS,118.0
578,BOS,-131.0,KAN,116.0
579,TEX,-117.0,OAK,107.0
580,CIN,220.0,CLE,-260.0
581,NYY,-101.0,ARI,-109.0
582,LAA,290.0,LOS,-340.0
583,MIA,-118.0,PHI,108.0
584,ATL,162.0,PIT,-182.0
585,WAS,-105.0,NYM,-105.0
586,CUB,-180.0,MIL,160.0
587,COL,155.0,STL,-175.0
588,SFO,-134.0,SDG,119.0
589,MIN,143.0,DET,-158.0
590,BOS,-115.0,KAN,105.0
591,TEX,132.0,OAK,-147.0
592,SEA,102.0,BAL,-112.0
593,TAM,100.0,TOR,-110.0
594,HOU,-106.0,CWS,-104.0
595,CLE,-115.0,CIN,105.0
596,NYY,-161.0,ARI,146.0
597,LOS,101.0,LAA,-111.0
598,BOS,-164.0,KAN,149.0
599,CUB,-205.0,MIL,175.0
600,ATL,160.0,PIT,-180.0
601,WAS,-120.0,NYM,110.0
602,COL,119.0,STL,-134.0
603,SFO,-154.0,SDG,139.0
604,SEA,-105.0,BAL,-105.0
605,HOU,147.0,CWS,-162.0
606,TOR,-131.0,MIN,116.0
607,NYY,-101.0,OAK,-109.0
608,CLE,-115.0,CIN,105.0
609,LOS,107.0,LAA,-117.0
610,COL,170.0,PIT,-200.0
611,ATL,150.0,PHI,-170.0
612,WAS,-145.0,MIA,130.0
613,MIL,212.0,NYM,-252.0
614,ARI,145.0,STL,-160.0
615,CUB,-195.0,SFO,175.0
616,LOS,-149.0,SDG,134.0
617,TAM,-111.0,DET,101.0
618,CLE,-115.0,BOS,105.0
619,TEX,149.0,HOU,-164.0
620,KAN,145.0,CWS,-160.0
621,TOR,-124.0,MIN,114.0
622,NYY,125.0,OAK,-140.0
623,BAL,115.0,LAA,-125.0
624,SEA,-131.0,CIN,116.0
625,ARI,145.0,STL,-160.0
626,ATL,129.0,PHI,-144.0
627,COL,111.0,PIT,-121.0
628,MIL,175.0,NYM,-205.0
629,WAS,127.0,MIA,-142.0
630,CUB,-160.0,SFO,145.0
631,LOS,-174.0,SDG,154.0
632,KAN,-134.0,CWS,119.0
633,TOR,-175.0,MIN,155.0
634,NYY,-148.0,OAK,133.0
635,CLE,135.0,BOS,-150.0
636,TAM,-121.0,DET,111.0
637,TEX,163.0,HOU,-183.0
638,BAL,-143.0,LAA,128.0
639,SEA,-160.0,CIN,145.0
640,WAS,-178.0,MIA,158.0
641,MIL,205.0,NYM,-235.0
642,ATL,136.0,PHI,-151.0
643,ARI,118.0,STL,-128.0
644,LOS,-171.0,SDG,151.0
645,CUB,133.0,SFO,-148.0
646,TAM,103.0,DET,-113.0
647,CLE,105.0,BOS,-115.0
648,TEX,140.0,HOU,-155.0
649,KAN,116.0,CWS,-126.0
650,TOR,-175.0,MIN,155.0
651,BAL,-111.0,LAA,101.0
652,NYY,-145.0,OAK,130.0
653,SEA,-152.0,CIN,137.0
654,NYM,144.0,WAS,-159.0
655,CUB,-104.0,STL,-106.0
656,CIN,325.0,LOS,-405.0
657,SDG,156.0,SFO,-176.0
658,LAA,-105.0,TEX,-105.0
659,CLE,103.0,CWS,-113.0
660,KAN,-126.0,MIN,116.0
661,OAK,115.0,SEA,-125.0
662,PHI,110.0,DET,-120.0
663,TAM,107.0,MIA,-117.0
664,CLE,-101.0,CWS,-109.0
665,COL,117.0,PIT,-132.0
666,NYM,152.0,WAS,-172.0
667,ARI,150.0,PIT,-170.0
668,MIL,106.0,ATL,-116.0
669,CUB,-116.0,STL,106.0
670,CIN,150.0,LOS,-170.0
671,SDG,200.0,SFO,-240.0
672,TOR,118.0,NYY,-133.0
673,LAA,101.0,TEX,-111.0
674,CLE,159.0,CWS,-179.0
675,BAL,-117.0,HOU,107.0
676,KAN,-108.0,MIN,-102.0
677,OAK,150.0,SEA,-170.0
678,TAM,-120.0,MIA,110.0
679,PHI,164.0,DET,-184.0
680,COL,250.0,BOS,-290.0
681,NYM,-105.0,WAS,-105.0
682,CUB,-185.0,STL,165.0
683,SDG,114.0,SFO,-124.0
684,ARI,108.0,PIT,-118.0
685,MIL,-122.0,ATL,112.0
686,CIN,175.0,LOS,-195.0
687,KAN,119.0,MIN,-134.0
688,LAA,-102.0,TEX,-108.0
689,CLE,105.0,CWS,-115.0
690,TOR,-111.0,NYY,101.0
691,BAL,125.0,HOU,-140.0
692,OAK,165.0,SEA,-185.0
693,PHI,104.0,DET,-114.0
694,COL,170.0,BOS,-200.0
695,MIA,205.0,TAM,-235.0
696,ARI,165.0,PIT,-185.0
697,STL,133.0,WAS,-148.0
698,MIL,119.0,ATL,-134.0
699,TOR,-121.0,NYY,111.0
700,BAL,109.0,HOU,-119.0
701,MIA,113.0,TAM,-123.0
702,COL,143.0,BOS,-158.0
703,PHI,250.0,CUB,-290.0
704,STL,149.0,WAS,-164.0
705,LOS,100.0,NYM,-110.0
706,MIA,-116.0,ATL,106.0
707,CIN,117.0,MIL,-132.0
708,SFO,125.0,COL,-140.0
709,SDG,160.0,ARI,-180.0
710,BOS,133.0,TOR,-148.0
711,BAL,110.0,CLE,-120.0
712,NYY,-129.0,TAM,119.0
713,CWS,135.0,KAN,-150.0
714,HOU,-111.0,LAA,101.0
715,DET,-130.0,OAK,115.0
716,MIN,200.0,SEA,-230.0
717,PIT,115.0,TEX,-130.0
718,PHI,230.0,CUB,-270.0
719,MIA,-121.0,ATL,111.0
720,CIN,134.0,MIL,-149.0
721,SFO,-186.0,COL,166.0
722,LOS,125.0,NYM,-140.0
723,STL,-105.0,WAS,-105.0
724,SDG,170.0,ARI,-200.0
725,BOS,125.0,TOR,-140.0
726,CWS,-102.0,KAN,-108.0
727,DET,109.0,OAK,-119.0
728,BAL,140.0,CLE,-155.0
729,NYY,-105.0,TAM,-105.0
730,HOU,-126.0,LAA,116.0
731,MIN,141.0,SEA,-156.0
732,PIT,125.0,TEX,-140.0
733,STL,200.0,WAS,-230.0
734,CIN,126.0,MIL,-141.0
735,PHI,175.0,CUB,-205.0
736,SDG,-104.0,ARI,-106.0
737,SFO,-162.0,COL,147.0
738,MIA,119.0,ATL,-129.0
739,LOS,-260.0,NYM,220.0
740,BOS,-140.0,TOR,125.0
741,BAL,-142.0,CLE,127.0
742,NYY,-111.0,TAM,101.0
743,CWS,-150.0,KAN,135.0
744,HOU,116.0,LAA,-131.0
745,DET,134.0,OAK,-149.0
746,MIN,175.0,SEA,-195.0
747,PIT,-140.0,TEX,125.0
748,SFO,-155.0,ATL,140.0
749,STL,-141.0,MIL,126.0
750,LOS,118.0,CUB,-128.0
751,CIN,125.0,COL,-140.0
752,WAS,-155.0,PHI,140.0
753,PIT,-155.0,MIA,140.0
754,BOS,-110.0,BAL,100.0
755,MIN,118.0,OAK,-128.0
756,TEX,149.0,CLE,-164.0
757,NYY,130.0,TOR,-145.0
758,TAM,110.0,KAN,-120.0
759,DET,-108.0,LAA,-102.0
760,CWS,-117.0,NYM,107.0
761,SDG,196.0,SEA,-226.0
762,HOU,-150.0,ARI,135.0
763,WAS,100.0,PHI,-110.0
764,PIT,112.0,MIA,-122.0
765,SFO,-127.0,ATL,117.0
766,LOS,185.0,CUB,-215.0
767,STL,-146.0,MIL,131.0
768,CIN,200.0,COL,-230.0
769,TEX,175.0,CLE,-205.0
770,BOS,109.0,BAL,-119.0
771,NYY,153.0,TOR,-173.0
772,TAM,-125.0,KAN,115.0
773,DET,-105.0,LAA,-105.0
774,MIN,-108.0,OAK,-102.0
775,HOU,-142.0,ARI,127.0
776,SDG,175.0,SEA,-195.0
777,CWS,159.0,NYM,-179.0
778,STL,-175.0,MIL,155.0
779,WAS,-235.0,PHI,205.0
780,SFO,-134.0,ATL,119.0
781,PIT,103.0,MIA,-113.0
782,LOS,178.0,CUB,-208.0
783,CIN,170.0,COL,-200.0
784,MIN,150.0,OAK,-170.0
785,TEX,-113.0,CLE,103.0
786,DET,105.0,LAA,-115.0
787,BOS,100.0,BAL,-110.0
788,NYY,-109.0,TOR,-101.0
789,TAM,109.0,KAN,-119.0
790,CWS,150.0,NYM,-170.0
791,ARI,171.0,HOU,-201.0
792,SEA,-124.0,SDG,114.0
793,SFO,-255.0,ATL,215.0
794,LOS,155.0,CUB,-175.0
795,MIL,-110.0,PHI,100.0
796,PIT,-124.0,MIA,114.0
797,CIN,145.0,COL,-160.0
798,BOS,-125.0,BAL,115.0
799,KAN,170.0,CLE,-200.0
800,TAM,-111.0,MIN,101.0
801,ARI,130.0,HOU,-145.0
802,SEA,-124.0,SDG,114.0
803,NYY,-120.0,DET,110.0
804,ARI,220.0,CUB,-260.0
805,MIL,116.0,PHI,-126.0
806,NYM,-173.0,MIA,153.0
807,WAS,-155.0,CIN,140.0
808,SFO,-113.0,STL,103.0
809,ATL,173.0,LOS,-193.0
810,COL,134.0,SDG,-149.0
811,NYY,117.0,BAL,-132.0
812,CWS,137.0,DET,-152.0
813,KAN,156.0,CLE,-176.0
814,TOR,152.0,BOS,-172.0
815,SEA,132.0,TEX,-147.0
816,OAK,127.0,HOU,-142.0
817,TAM,-116.0,MIN,106.0
818,LAA,141.0,PIT,-156.0
819,ARI,255.0,CUB,-305.0
820,MIL,-120.0,PHI,110.0
821,WAS,-202.0,CIN,172.0
822,NYM,-111.0,MIA,101.0
823,SFO,-116.0,STL,106.0
824,ATL,397.0,LOS,-497.0
825,COL,-119.0,SDG,109.0
826,TAM,-105.0,MIN,-105.0
827,TOR,127.0,BOS,-142.0
828,CWS,-134.0,DET,119.0
829,OAK,156.0,HOU,-176.0
830,KAN,107.0,CLE,-117.0
831,NYY,125.0,BAL,-140.0
832,SEA,-117.0,TEX,107.0
833,LAA,-108.0,PIT,-102.0
834,WAS,-200.0,CIN,170.0
835,NYM,150.0,MIA,-170.0
836,MIL,147.0,PHI,-162.0
837,SFO,140.0,STL,-155.0
838,ARI,270.0,CUB,-320.0
839,ATL,215.0,LOS,-255.0
840,COL,-148.0,SDG,133.0
841,CWS,117.0,DET,-127.0
842,KAN,170.0,CLE,-200.0
843,NYY,119.0,BAL,-134.0
844,TOR,105.0,BOS,-115.0
845,TAM,-119.0,MIN,109.0
846,OAK,152.0,HOU,-172.0
847,SEA,-122.0,TEX,112.0
848,LAA,135.0,PIT,-150.0
849,CUB,-275.0,PHI,235.0
850,NYM,118.0,PIT,-128.0
851,ATL,117.0,SDG,-132.0
852,COL,119.0,LOS,-129.0
853,LAA,141.0,NYY,-156.0
854,KAN,103.0,BAL,-113.0
855,TOR,119.0,DET,-134.0
856,HOU,-134.0,TEX,119.0
857,CLE,115.0,SEA,-130.0
858,TAM,116.0,ARI,-126.0
859,NYM,125.0,PIT,-140.0
860,CUB,-210.0,PHI,180.0
861,STL,-156.0,CIN,141.0
862,ATL,130.0,SDG,-145.0
863,COL,176.0,LOS,-196.0
864,KAN,130.0,BAL,-145.0
865,LAA,136.0,NYY,-151.0
866,TOR,-148.0,DET,133.0
867,HOU,-110.0,TEX,100.0
868,OAK,126.0,MIL,-141.0
869,CLE,110.0,SEA,-120.0
870,WAS,-149.0,CWS,134.0
871,MIA,-112.0,MIN,102.0
872,TAM,165.0,ARI,-185.0
873,BOS,-128.0,SFO,118.0
874,NYM,-134.0,PIT,119.0
875,CUB,-196.0,PHI,176.0
876,ATL,141.0,SDG,-156.0
877,NYM,-123.0,PIT,113.0
878,STL,-201.0,CIN,171.0
879,COL,160.0,LOS,-180.0
880,TOR,109.0,DET,-119.0
881,LAA,170.0,NYY,-200.0
882,KAN,133.0,BAL,-148.0
883,HOU,146.0,TEX,-161.0
884,CLE,-102.0,SEA,-108.0
885,TAM,106.0,ARI,-116.0
886,OAK,132.0,MIL,-147.0
887,MIA,-105.0,MIN,-105.0
888,WAS,-175.0,CWS,155.0
889,BOS,-127.0,SFO,117.0
890,STL,-185.0,CIN,165.0
891,NYM,-101.0,MIL,-109.0
892,HOU,-130.0,TEX,115.0
893,LAA,117.0,NYY,-127.0
894,BAL,156.0,TOR,-176.0
895,CLE,116.0,SEA,-131.0
896,WAS,-126.0,CWS,116.0
897,MIA,116.0,MIN,-131.0
898,PIT,-101.0,COL,-109.0
899,PHI,230.0,WAS,-270.0
900,STL,146.0,PIT,-161.0
901,CUB,-213.0,ATL,183.0
902,NYM,109.0,MIL,-119.0
903,SDG,185.0,COL,-215.0
904,MIA,142.0,ARI,-157.0
905,LOS,-170.0,SFO,150.0
906,DET,118.0,NYY,-128.0
907,BAL,102.0,TOR,-112.0
908,HOU,-101.0,TAM,-109.0
909,BOS,-144.0,MIN,129.0
910,KAN,149.0,CWS,-164.0
911,CLE,-145.0,LAA,130.0
912,TEX,133.0,SEA,-148.0
913,OAK,-110.0,CIN,100.0
914,PHI,134.0,WAS,-149.0
915,NYM,-115.0,MIL,105.0
916,CUB,-320.0,ATL,270.0
917,SDG,155.0,COL,-175.0
918,LOS,106.0,SFO,-116.0
919,STL,-105.0,PIT,-105.0
920,MIA,-210.0,ARI,180.0
921,BAL,117.0,TOR,-132.0
922,BOS,-140.0,MIN,125.0
923,KAN,117.0,CWS,-132.0
924,HOU,115.0,TAM,-130.0
925,DET,115.0,NYY,-130.0
926,CLE,125.0,LAA,-140.0
927,TEX,176.0,SEA,-196.0
928,OAK,104.0,CIN,-114.0
929,CUB,-260.0,ATL,220.0
930,NYM,-117.0,MIL,107.0
931,PHI,220.0,WAS,-260.0
932,MIA,100.0,ARI,-110.0
933,SDG,145.0,COL,-160.0
934,STL,-113.0,PIT,103.0
935,LOS,-105.0,SFO,-105.0
936,BAL,142.0,TOR,-157.0
937,HOU,-139.0,TAM,124.0
938,DET,115.0,NYY,-125.0
939,KAN,118.0,CWS,-128.0
940,BOS,-195.0,MIN,175.0
941,CLE,-145.0,LAA,130.0
942,TEX,100.0,SEA,-110.0
943,OAK,-128.0,CIN,118.0
944,CUB,116.0,WAS,-131.0
945,CIN,-105.0,ATL,-105.0
946,LOS,130.0,ARI,-145.0
947,MIA,-108.0,SDG,-102.0
948,MIL,138.0,SFO,-153.0
949,DET,-103.0,CWS,-107.0
950,CLE,-140.0,KAN,125.0
951,MIN,105.0,LAA,-115.0
952,TEX,135.0,OAK,-150.0
953,PHI,165.0,TOR,-185.0
954,CUB,-130.0,WAS,115.0
955,PIT,115.0,NYM,-130.0
956,CIN,125.0,ATL,-140.0
957,LOS,-150.0,ARI,135.0
958,MIA,115.0,SDG,-130.0
959,MIL,220.0,SFO,-260.0
960,BAL,166.0,BOS,-186.0
961,SEA,109.0,TAM,-119.0
962,DET,-116.0,CWS,106.0
963,CLE,-116.0,KAN,106.0
964,MIN,125.0,LAA,-140.0
965,TEX,105.0,OAK,-115.0
966,PHI,250.0,TOR,-300.0
967,HOU,141.0,STL,-156.0
968,NYY,-105.0,COL,-105.0
969,MIA,117.0,SDG,-132.0
970,LOS,-255.0,ARI,215.0
971,MIL,190.0,SFO,-220.0
972,CUB,132.0,WAS,-147.0
973,PIT,150.0,NYM,-170.0
974,CIN,111.0,ATL,-121.0
975,BAL,136.0,BOS,-151.0
976,SEA,125.0,TAM,-140.0
977,DET,165.0,CWS,-185.0
978,CLE,-157.0,KAN,142.0
979,MIN,107.0,LAA,-117.0
980,TEX,135.0,OAK,-150.0
981,NYY,-111.0,COL,101.0
982,TOR,-172.0,PHI,152.0
983,HOU,119.0,STL,-134.0
984,CIN,106.0,ATL,-116.0
985,PIT,110.0,NYM,-120.0
986,MIL,136.0,LOS,-151.0
987,WAS,-184.0,SDG,164.0
988,SEA,-118.0,TAM,108.0
989,TEX,102.0,OAK,-112.0
990,BAL,118.0,BOS,-128.0
991,NYY,-119.0,MIN,109.0
992,DET,-107.0,KAN,-103.0
993,TOR,-140.0,PHI,125.0
994,PIT,250.0,CUB,-290.0
995,ARI,-145.0,PHI,130.0
996,COL,115.0,MIA,-130.0
997,ATL,200.0,NYM,-240.0
998,MIL,157.0,LOS,-177.0
999,WAS,-171.0,SDG,151.0
1000,TOR,-140.0,BAL,125.0
1001,CWS,-116.0,CLE,106.0
1002,SEA,116.0,BOS,-131.0
1003,NYY,-175.0,MIN,155.0
1004,DET,-107.0,KAN,-103.0
1005,LAA,-150.0,OAK,135.0
1006,SFO,113.0,TAM,-123.0
1007,CIN,235.0,HOU,-275.0
1008,TEX,117.0,STL,-127.0
1009,ARI,-149.0,PHI,134.0
1010,COL,107.0,MIA,-117.0
1011,ATL,225.0,NYM,-265.0
1012,PIT,225.0,CUB,-265.0
1013,WAS,-275.0,SDG,235.0
1014,MIL,148.0,LOS,-163.0
1015,NYY,-157.0,MIN,142.0
1016,TOR,103.0,BAL,-113.0
1017,SEA,169.0,BOS,-189.0
1018,LAA,112.0,OAK,-122.0
1019,CWS,185.0,CLE,-215.0
1020,DET,125.0,KAN,-140.0
1021,CIN,205.0,HOU,-235.0
1022,SFO,115.0,TAM,-130.0
1023,TEX,160.0,STL,-180.0
1024,ATL,150.0,NYM,-170.0
1025,COL,125.0,MIA,-140.0
1026,ARI,-130.0,PHI,115.0
1027,PIT,145.0,CUB,-160.0
1028,MIL,180.0,LOS,-210.0
1029,WAS,-116.0,SDG,106.0
1030,CWS,159.0,CLE,-179.0
1031,TOR,-109.0,BAL,-101.0
1032,SEA,165.0,BOS,-185.0
1033,NYY,-160.0,MIN,145.0
1034,DET,-105.0,KAN,-105.0
1035,LAA,-125.0,OAK,115.0
1036,SFO,132.0,TAM,-147.0
1037,CIN,180.0,HOU,-210.0
1038,TEX,114.0,STL,-124.0
1039,ARI,117.0,PHI,-132.0
1040,SFO,-149.0,PIT,134.0
1041,COL,-107.0,MIA,-103.0
1042,STL,150.0,CUB,-170.0
1043,WAS,250.0,LOS,-300.0
1044,SEA,-134.0,DET,119.0
1045,TAM,103.0,CLE,-113.0
1046,CWS,190.0,BOS,-220.0
1047,LAA,137.0,HOU,-152.0
1048,BAL,103.0,TEX,-113.0
1049,SFO,-182.0,PIT,162.0
1050,ATL,245.0,MIA,-285.0
1051,STL,133.0,CUB,-148.0
1052,WAS,118.0,LOS,-133.0
1053,SEA,119.0,DET,-134.0
1054,CWS,-107.0,BOS,-103.0
1055,TAM,150.0,CLE,-170.0
1056,LAA,145.0,HOU,-160.0
1057,COL,150.0,NYY,-170.0
1058,SDG,160.0,BAL,-180.0
1059,ARI,175.0,TOR,-205.0
1060,KAN,127.0,NYM,-142.0
1061,CIN,175.0,TEX,-205.0
1062,PHI,117.0,MIN,-132.0
1063,MIL,145.0,OAK,-160.0
1064,ATL,148.0,MIA,-163.0
1065,STL,220.0,CUB,-260.0
1066,SFO,105.0,PIT,-115.0
1067,WAS,125.0,LOS,-140.0
1068,LAA,115.0,HOU,-130.0
1069,CWS,112.0,BOS,-122.0
1070,TAM,105.0,CLE,-115.0
1071,SEA,116.0,DET,-126.0
1072,COL,119.0,NYY,-134.0
1073,KAN,125.0,NYM,-140.0
1074,MIL,116.0,OAK,-126.0
1075,ARI,153.0,TOR,-173.0
1076,SDG,160.0,BAL,-180.0
1077,CIN,201.0,TEX,-231.0
1078,PHI,150.0,MIN,-170.0
1079,SFO,131.0,PIT,-146.0
1080,SDG,-112.0,CIN,102.0
1081,CUB,-171.0,MIA,151.0
1082,NYM,-155.0,ATL,140.0
1083,ARI,-160.0,COL,145.0
1084,SEA,128.0,DET,-143.0
1085,CWS,215.0,BOS,-255.0
1086,OAK,129.0,LAA,-144.0
1087,PHI,138.0,MIN,-153.0
1088,LOS,115.0,PIT,-125.0
1089,SDG,115.0,CIN,-125.0
1090,CUB,-150.0,MIA,135.0
1091,NYM,-215.0,ATL,185.0
1092,WAS,-185.0,MIL,165.0
1093,ARI,116.0,COL,-131.0
1094,PHI,175.0,SFO,-195.0
1095,TAM,136.0,BAL,-151.0
1096,MIN,170.0,NYY,-200.0
1097,CLE,-109.0,DET,-101.0
1098,BOS,-200.0,TEX,170.0
1099,TOR,-162.0,CWS,147.0
1100,HOU,-130.0,KAN,115.0
1101,OAK,138.0,LAA,-153.0
1102,STL,-108.0,SEA,-102.0
1103,CUB,-203.0,MIA,173.0
1104,WAS,-140.0,MIL,125.0
1105,ARI,123.0,COL,-138.0
1106,SDG,-154.0,CIN,139.0
1107,LOS,-155.0,PIT,140.0
1108,NYM,-145.0,ATL,130.0
1109,PHI,260.0,SFO,-310.0
1110,MIN,170.0,NYY,-200.0
1111,TOR,-116.0,CWS,106.0
1112,TAM,136.0,BAL,-151.0
1113,CLE,-134.0,DET,119.0
1114,HOU,-124.0,KAN,114.0
1115,BOS,-121.0,TEX,111.0
1116,OAK,125.0,LAA,-140.0
1117,STL,116.0,SEA,-126.0
1118,TAM,151.0,BAL,-171.0
1119,CUB,135.0,MIA,-150.0
1120,SDG,126.0,CIN,-141.0
1121,LOS,-270.0,PIT,230.0
1122,NYM,-121.0,ATL,111.0
1123,WAS,-142.0,MIL,127.0
1124,PHI,200.0,SFO,-230.0
1125,ARI,116.0,COL,-131.0
1126,MIN,175.0,NYY,-195.0
1127,CLE,131.0,DET,-146.0
1128,TAM,118.0,BAL,-128.0
1129,TOR,101.0,CWS,-111.0
1130,HOU,-105.0,KAN,-105.0
1131,BOS,110.0,TEX,-120.0
1132,OAK,104.0,LAA,-114.0
1133,STL,106.0,SEA,-116.0
1134,LOS,100.0,PIT,-110.0
1135,NYM,-115.0,WAS,105.0
1136,CUB,-290.0,CIN,250.0
1137,PHI,115.0,ARI,-130.0
1138,TEX,119.0,NYY,-129.0
1139,BOS,-101.0,TAM,-109.0
1140,HOU,103.0,LAA,-113.0
1141,CLE,-144.0,ATL,129.0
1142,STL,119.0,KAN,-129.0
1143,TOR,-122.0,COL,112.0
1144,OAK,150.0,SFO,-170.0
1145,NYM,108.0,WAS,-118.0
1146,CUB,-230.0,CIN,200.0
1147,LOS,-147.0,MIL,132.0
1148,PHI,185.0,ARI,-215.0
1149,TEX,-122.0,NYY,112.0
1150,BOS,-105.0,TAM,-105.0
1151,MIN,163.0,CWS,-183.0
1152,HOU,-127.0,LAA,117.0
1153,MIA,102.0,DET,-112.0
1154,CLE,-219.0,ATL,189.0
1155,STL,-107.0,KAN,-103.0
1156,TOR,-144.0,COL,129.0
1157,BAL,-155.0,SDG,140.0
1158,PIT,150.0,SEA,-170.0
1159,OAK,128.0,SFO,-143.0
1160,CUB,-182.0,CIN,162.0
1161,PHI,154.0,ARI,-174.0
1162,NYM,245.0,WAS,-285.0
1163,LOS,101.0,MIL,-111.0
1164,BOS,-187.0,TAM,167.0
1165,HOU,-140.0,LAA,125.0
1166,TEX,175.0,NYY,-195.0
1167,MIN,-101.0,CWS,-109.0
1168,MIA,119.0,DET,-134.0
1169,TOR,-116.0,COL,106.0
1170,BAL,-141.0,SDG,126.0
1171,CLE,-212.0,ATL,182.0
1172,KAN,153.0,STL,-173.0
1173,SFO,118.0,OAK,-133.0
1174,PIT,118.0,SEA,-133.0
1175,LOS,-142.0,MIL,127.0
1176,CIN,171.0,WAS,-201.0
1177,CUB,-140.0,NYM,125.0
1178,MIA,-170.0,ATL,150.0
1179,TEX,146.0,NYY,-161.0
1180,MIN,141.0,CWS,-156.0
1181,CLE,-122.0,TOR,112.0
1182,DET,102.0,TAM,-112.0
1183,BAL,106.0,SEA,-116.0
1184,KAN,127.0,STL,-142.0
1185,SFO,-150.0,OAK,135.0
1186,CIN,160.0,WAS,-180.0
1187,CUB,109.0,NYM,-119.0
1188,MIA,117.0,ATL,-127.0
1189,MIL,175.0,STL,-195.0
1190,SFO,-146.0,ARI,131.0
1191,COL,160.0,LOS,-180.0
1192,CLE,125.0,TOR,-140.0
1193,DET,104.0,TAM,-114.0
1194,LAA,175.0,BOS,-205.0
1195,CWS,175.0,HOU,-195.0
1196,TEX,-122.0,MIN,112.0
1197,BAL,-113.0,SEA,103.0
1198,KAN,-121.0,PHI,111.0
1199,PIT,141.0,OAK,-156.0
1200,NYY,-150.0,SDG,135.0
1201,MIL,165.0,STL,-185.0
1202,MIA,-280.0,ATL,240.0
1203,CIN,185.0,WAS,-215.0
1204,CUB,-230.0,NYM,200.0
1205,SFO,-107.0,ARI,-103.0
1206,COL,157.0,LOS,-177.0
1207,CLE,153.0,TOR,-173.0
1208,TEX,109.0,MIN,-119.0
1209,CWS,-105.0,HOU,-105.0
1210,DET,-127.0,TAM,117.0
1211,LAA,143.0,BOS,-158.0
1212,BAL,130.0,SEA,-145.0
1213,KAN,-153.0,PHI,138.0
1214,PIT,141.0,OAK,-156.0
1215,NYY,129.0,SDG,-144.0
1216,CUB,-107.0,NYM,-103.0
1217,CIN,270.0,WAS,-320.0
1218,MIL,162.0,STL,-182.0
1219,SFO,116.0,ARI,-126.0
1220,COL,157.0,LOS,-177.0
1221,MIA,-163.0,ATL,148.0
1222,CLE,-111.0,TOR,101.0
1223,DET,163.0,TAM,-183.0
1224,LAA,-104.0,BOS,-106.0
1225,CWS,105.0,HOU,-115.0
1226,TEX,-164.0,MIN,149.0
1227,BAL,131.0,SEA,-146.0
1228,KAN,100.0,PHI,-110.0
1229,PIT,128.0,OAK,-143.0
1230,NYY,-126.0,SDG,116.0
1231,MIL,220.0,WAS,-260.0
1232,PIT,165.0,STL,-185.0
1233,CIN,200.0,CUB,-230.0
1234,ATL,164.0,PHI,-184.0
1235,COL,111.0,SFO,-121.0
1236,MIA,159.0,NYM,-179.0
1237,SDG,126.0,ARI,-141.0
1238,LAA,111.0,TAM,-121.0
1239,TEX,190.0,BOS,-220.0
1240,SEA,128.0,HOU,-143.0
1241,OAK,102.0,MIN,-112.0
1242,NYY,-120.0,CWS,110.0
1243,KAN,172.0,TOR,-202.0
1244,DET,175.0,CLE,-195.0
1245,BAL,155.0,LOS,-175.0
1246,CIN,275.0,CUB,-325.0
1247,ATL,-109.0,PHI,-101.0
1248,MIL,150.0,WAS,-170.0
1249,MIA,132.0,NYM,-147.0
1250,PIT,125.0,STL,-140.0
1251,SDG,138.0,ARI,-153.0
1252,COL,185.0,SFO,-215.0
1253,KAN,135.0,TOR,-150.0
1254,DET,170.0,CLE,-190.0
1255,LAA,167.0,TAM,-187.0
1256,TEX,185.0,BOS,-215.0
1257,SEA,127.0,HOU,-142.0
1258,OAK,-120.0,MIN,110.0
1259,NYY,-118.0,CWS,108.0
1260,BAL,127.0,LOS,-142.0
1261,ATL,160.0,PHI,-180.0
1262,MIA,205.0,NYM,-245.0
1263,CIN,164.0,CUB,-184.0
1264,MIL,200.0,WAS,-230.0
1265,PIT,155.0,STL,-175.0
1266,SDG,103.0,ARI,-113.0
1267,COL,175.0,SFO,-205.0
1268,DET,106.0,CLE,-116.0
1269,OAK,-103.0,MIN,-107.0
1270,KAN,155.0,TOR,-175.0
1271,LAA,135.0,TAM,-150.0
1272,TEX,175.0,BOS,-195.0
1273,SEA,138.0,HOU,-153.0
1274,NYY,-170.0,CWS,150.0
1275,BAL,-101.0,LOS,-109.0
1276,PIT,117.0,STL,-132.0
1277,WAS,-116.0,NYM,106.0
1278,PHI,150.0,COL,-170.0
1279,SDG,133.0,LOS,-148.0
1280,LAA,-101.0,TAM,-109.0
1281,DET,115.0,TOR,-125.0
1282,NYY,128.0,CLE,-143.0
1283,MIN,108.0,TEX,-118.0
1284,OAK,108.0,HOU,-118.0
1285,SEA,119.0,KAN,-134.0
1286,ATL,230.0,CUB,-270.0
1287,CUB,-207.0,PIT,177.0
1288,CIN,235.0,MIA,-275.0
1289,WAS,100.0,NYM,-110.0
1290,PHI,137.0,COL,-152.0
1291,STL,-124.0,MIL,114.0
1292,SDG,165.0,LOS,-185.0
1293,ARI,130.0,SFO,-145.0
1294,LAA,-103.0,BAL,-107.0
1295,DET,175.0,TOR,-195.0
1296,TAM,-103.0,BOS,-107.0
1297,NYY,150.0,CLE,-170.0
1298,MIN,175.0,TEX,-195.0
1299,OAK,153.0,HOU,-173.0
1300,SEA,-113.0,KAN,103.0
1301,ATL,250.0,CWS,-290.0
1302,STL,-141.0,MIL,126.0
1303,ARI,125.0,SFO,-140.0
1304,CIN,151.0,MIA,-166.0
1305,CUB,-170.0,PIT,150.0
1306,WAS,-210.0,NYM,180.0
1307,SDG,209.0,LOS,-239.0
1308,PHI,145.0,COL,-160.0
1309,DET,220.0,TOR,-260.0
1310,LAA,112.0,BAL,-122.0
1311,TAM,167.0,BOS,-187.0
1312,NYY,154.0,CLE,-169.0
1313,OAK,180.0,HOU,-210.0
1314,SEA,-117.0,KAN,107.0
1315,MIN,144.0,TEX,-159.0
1316,ATL,164.0,CWS,-184.0
1317,WAS,-113.0,NYM,103.0
1318,CIN,124.0,MIA,-139.0
1319,CUB,-152.0,PIT,137.0
1320,STL,125.0,MIL,-140.0
1321,PHI,175.0,COL,-205.0
1322,SDG,200.0,LOS,-230.0
1323,ARI,215.0,SFO,-255.0
1324,DET,125.0,TOR,-140.0
1325,NYY,126.0,CLE,-141.0
1326,TAM,200.0,BOS,-230.0
1327,LAA,170.0,BAL,-200.0
1328,OAK,175.0,HOU,-195.0
1329,SEA,-122.0,KAN,112.0
1330,MIN,148.0,TEX,-163.0
1331,ATL,148.0,CWS,-163.0
1332,NYM,-115.0,PHI,105.0
1333,PIT,180.0,WAS,-210.0
1334,MIL,140.0,CIN,-155.0
1335,COL,-106.0,ATL,-104.0
1336,MIA,117.0,STL,-127.0
1337,LOS,-134.0,ARI,119.0
1338,SFO,-220.0,SDG,190.0
1339,BOS,132.0,NYY,-147.0
1340,BAL,118.0,TAM,-128.0
1341,KAN,126.0,DET,-141.0
1342,CLE,-153.0,MIN,138.0
1343,CWS,117.0,LAA,-132.0
1344,TOR,-150.0,OAK,135.0
1345,HOU,107.0,SEA,-117.0
1346,TEX,170.0,CUB,-200.0
1347,NYM,111.0,PHI,-121.0
1348,PIT,114.0,WAS,-124.0
1349,MIL,-108.0,CIN,-102.0
1350,COL,-120.0,ATL,110.0
1351,MIA,175.0,STL,-195.0
1352,LOS,-170.0,ARI,150.0
1353,SFO,-158.0,SDG,143.0
1354,TOR,-116.0,OAK,106.0
1355,BOS,115.0,NYY,-125.0
1356,HOU,-124.0,SEA,114.0
1357,BAL,-123.0,TAM,113.0
1358,CLE,-144.0,MIN,129.0
1359,KAN,-145.0,DET,130.0
1360,CWS,151.0,LAA,-171.0
1361,TEX,110.0,CUB,-120.0
1362,MIL,-122.0,CIN,112.0
1363,PIT,220.0,WAS,-260.0
1364,NYM,-178.0,PHI,158.0
1365,COL,-104.0,ATL,-106.0
1366,MIA,130.0,STL,-145.0
1367,LOS,-148.0,ARI,133.0
1368,SFO,-240.0,SDG,200.0
1369,KAN,133.0,DET,-148.0
1370,BAL,-113.0,TAM,103.0
1371,CLE,-141.0,MIN,126.0
1372,CWS,117.0,LAA,-127.0
1373,TOR,-116.0,OAK,106.0
1374,HOU,-109.0,SEA,-101.0
1375,BOS,-117.0,NYY,107.0
1376,TEX,118.0,CUB,-133.0
1377,MIA,-181.0,PHI,161.0
1378,ATL,133.0,CIN,-148.0
1379,NYM,130.0,CUB,-145.0
1380,SDG,175.0,STL,-195.0
1381,BAL,103.0,NYY,-113.0
1382,MIN,129.0,DET,-144.0
1383,CLE,-152.0,KAN,137.0
1384,HOU,-128.0,OAK,118.0
1385,TEX,105.0,LAA,-115.0
1386,CWS,-134.0,SEA,119.0
1387,TAM,119.0,COL,-129.0
1388,MIA,117.0,PHI,-132.0
1389,MIL,143.0,PIT,-158.0
1390,LOS,-121.0,WAS,111.0
1391,ATL,170.0,CIN,-190.0
1392,NYM,146.0,CUB,-161.0
1393,BAL,127.0,NYY,-142.0
1394,MIN,129.0,DET,-144.0
1395,CLE,-126.0,KAN,116.0
1396,HOU,-182.0,OAK,162.0
1397,TEX,110.0,LAA,-120.0
1398,CWS,-110.0,SEA,100.0
1399,SFO,151.0,BOS,-171.0
1400,TAM,114.0,COL,-124.0
1401,TOR,-173.0,ARI,153.0
1402,ATL,161.0,CIN,-181.0
1403,NYM,180.0,CUB,-210.0
1404,MIL,138.0,PIT,-153.0
1405,MIA,-144.0,PHI,129.0
1406,LOS,119.0,WAS,-129.0
1407,SDG,163.0,STL,-183.0
1408,MIN,150.0,DET,-170.0
1409,CLE,-132.0,KAN,117.0
1410,HOU,-115.0,OAK,105.0
1411,CWS,162.0,SEA,-182.0
1412,BAL,200.0,NYY,-230.0
1413,TEX,132.0,LAA,-147.0
1414,TAM,-119.0,COL,109.0
1415,TOR,-171.0,ARI,151.0
1416,SFO,205.0,BOS,-245.0
1417,LOS,163.0,WAS,-183.0
1418,MIA,113.0,PHI,-123.0
1419,MIL,150.0,PIT,-170.0
1420,SDG,180.0,STL,-210.0
1421,ATL,142.0,COL,-157.0
1422,BAL,113.0,NYY,-123.0
1423,MIN,191.0,BOS,-221.0
1424,DET,118.0,CWS,-133.0
1425,TAM,125.0,OAK,-140.0
1426,PHI,230.0,PIT,-270.0
1427,SDG,191.0,WAS,-221.0
1428,ARI,105.0,CIN,-115.0
1429,NYM,129.0,MIA,-144.0
1430,CUB,-155.0,MIL,140.0
1431,LOS,-140.0,STL,125.0
1432,ATL,160.0,COL,-180.0
1433,CLE,-101.0,BAL,-109.0
1434,SEA,126.0,TOR,-141.0
1435,MIN,142.0,BOS,-157.0
1436,DET,-143.0,CWS,128.0
1437,LAA,125.0,HOU,-140.0
1438,TEX,115.0,KAN,-125.0
1439,TAM,-125.0,OAK,115.0
1440,SFO,-114.0,NYY,104.0
1441,PHI,152.0,PIT,-172.0
1442,SDG,308.0,WAS,-368.0
1443,ARI,-125.0,CIN,115.0
1444,CUB,-147.0,MIL,132.0
1445,NYM,150.0,MIA,-170.0
1446,LOS,-139.0,STL,124.0
1447,ATL,190.0,COL,-220.0
1448,SEA,111.0,TOR,-121.0
1449,CLE,125.0,BAL,-140.0
1450,LAA,170.0,HOU,-200.0
1451,DET,103.0,CWS,-113.0
1452,MIN,200.0,BOS,-230.0
1453,TEX,-124.0,KAN,114.0
1454,TAM,-123.0,OAK,113.0
1455,SFO,-117.0,NYY,107.0
1456,ARI,-118.0,CIN,108.0
1457,NYM,-113.0,MIA,103.0
1458,PHI,133.0,PIT,-148.0
1459,SDG,165.0,WAS,-185.0
1460,CUB,-151.0,MIL,136.0
1461,LOS,-146.0,STL,131.0
1462,ATL,200.0,COL,-230.0
1463,SEA,153.0,TOR,-173.0
1464,MIN,155.0,BOS,-175.0
1465,CLE,-145.0,BAL,130.0
1466,DET,132.0,CWS,-147.0
1467,LAA,144.0,HOU,-159.0
1468,TEX,106.0,KAN,-116.0
1469,TAM,-129.0,OAK,119.0
1470,SFO,127.0,NYY,-142.0
1471,PHI,130.0,MIA,-145.0
1472,ARI,110.0,MIL,-120.0
1473,CIN,114.0,SFO,-124.0
1474,DET,117.0,BOS,-132.0
1475,OAK,114.0,TEX,-124.0
1476,NYY,135.0,HOU,-150.0
1477,LAA,109.0,KAN,-119.0
1478,COL,147.0,BAL,-162.0
1479,SDG,225.0,TOR,-265.0
1480,CUB,-221.0,CWS,191.0
1481,STL,105.0,NYM,-115.0
1482,PHI,118.0,MIA,-133.0
1483,ARI,107.0,MIL,-117.0
1484,CIN,114.0,SFO,-124.0
1485,DET,205.0,BOS,-235.0
1486,OAK,-109.0,TEX,-101.0
1487,NYY,134.0,HOU,-149.0
1488,LAA,-120.0,KAN,110.0
1489,SEA,126.0,PIT,-141.0
1490,COL,161.0,BAL,-181.0
1491,SDG,235.0,TOR,-275.0
1492,WAS,130.0,CLE,-145.0
1493,ATL,175.0,MIN,-205.0
1494,CUB,-200.0,CWS,170.0
1495,TAM,119.0,LOS,-129.0
1496,PHI,160.0,MIA,-180.0
1497,CIN,220.0,SFO,-260.0
1498,STL,-133.0,NYM,118.0
1499,ARI,125.0,MIL,-140.0
1500,DET,115.0,BOS,-125.0
1501,OAK,155.0,TEX,-175.0
1502,NYY,116.0,HOU,-126.0
1503,LAA,114.0,KAN,-124.0
1504,WAS,109.0,CLE,-119.0
1505,SDG,173.0,TOR,-193.0
1506,TAM,149.0,LOS,-164.0
1507,SEA,130.0,PIT,-145.0
1508,COL,138.0,BAL,-153.0
1509,CWS,250.0,CUB,-290.0
1510,ATL,145.0,MIN,-160.0
1511,COL,140.0,NYM,-155.0
1512,ARI,116.0,MIL,-131.0
1513,PHI,-120.0,ATL,110.0
1514,STL,200.0,MIA,-240.0
1515,WAS,134.0,SFO,-149.0
1516,KAN,156.0,TEX,-176.0
1517,BOS,-177.0,LAA,157.0
1518,CWS,130.0,CUB,-145.0
1519,BAL,-120.0,MIN,110.0
1520,STL,-111.0,MIA,101.0
1521,COL,165.0,NYM,-185.0
1522,PHI,-158.0,ATL,143.0
1523,PIT,-130.0,MIL,115.0
1524,ARI,205.0,LOS,-235.0
1525,WAS,-160.0,SFO,145.0
1526,CIN,108.0,SDG,-118.0
1527,BAL,130.0,TOR,-145.0
1528,NYY,111.0,TAM,-121.0
1529,OAK,136.0,CLE,-151.0
1530,HOU,-148.0,DET,133.0
1531,KAN,118.0,TEX,-128.0
1532,CWS,-123.0,MIN,113.0
1533,BOS,-176.0,LAA,156.0
1534,SEA,150.0,CUB,-170.0
1535,WAS,117.0,SFO,-127.0
1536,PHI,119.0,ATL,-134.0
1537,STL,-114.0,MIA,104.0
1538,PIT,-175.0,MIL,155.0
1539,COL,125.0,NYM,-140.0
1540,CIN,-122.0,SDG,112.0
1541,ARI,185.0,LOS,-215.0
1542,BAL,160.0,TOR,-180.0
1543,NYY,109.0,TAM,-119.0
1544,CWS,113.0,MIN,-123.0
1545,OAK,145.0,CLE,-160.0
1546,HOU,117.0,DET,-132.0
1547,KAN,110.0,TEX,-120.0
1548,BOS,-118.0,LAA,108.0
1549,SEA,195.0,CUB,-225.0
1550,STL,-117.0,MIA,107.0
1551,COL,170.0,NYM,-200.0
1552,PHI,-133.0,ATL,118.0
1553,PIT,-147.0,MIL,132.0
1554,WAS,-117.0,SFO,107.0
1555,ARI,157.0,LOS,-177.0
1556,CIN,-128.0,SDG,118.0
1557,BAL,150.0,TOR,-170.0
1558,NYY,-117.0,TAM,107.0
1559,OAK,170.0,CLE,-200.0
1560,HOU,-153.0,DET,138.0
1561,CWS,116.0,MIN,-126.0
1562,KAN,115.0,TEX,-130.0
1563,BOS,113.0,LAA,-123.0
1564,SEA,108.0,CUB,-118.0
1565,MIA,160.0,CUB,-180.0
1566,WAS,-215.0,ARI,185.0
1567,MIL,-105.0,SDG,-105.0
1568,KAN,115.0,TAM,-125.0
1569,MIN,190.0,CLE,-220.0
1570,TOR,-105.0,HOU,-105.0
1571,BOS,115.0,SEA,-130.0
1572,NYY,-122.0,NYM,112.0
1573,SFO,-260.0,PHI,220.0
1574,PIT,-174.0,ATL,154.0
1575,STL,-157.0,CIN,142.0
1576,MIA,-115.0,CUB,105.0
1577,LOS,-142.0,COL,127.0
1578,WAS,-122.0,ARI,112.0
1579,MIL,-114.0,SDG,104.0
1580,TEX,-126.0,BAL,116.0
1581,MIN,180.0,CLE,-210.0
1582,KAN,107.0,TAM,-117.0
1583,CWS,139.0,DET,-154.0
1584,TOR,148.0,HOU,-163.0
1585,OAK,135.0,LAA,-150.0
1586,BOS,-170.0,SEA,150.0
1587,NYY,101.0,NYM,-111.0
1588,MIA,200.0,CUB,-230.0
1589,WAS,-207.0,ARI,177.0
1590,MIL,-124.0,SDG,114.0
1591,SFO,-200.0,PHI,170.0
1592,PIT,-118.0,ATL,108.0
1593,STL,-141.0,CIN,126.0
1594,LOS,-105.0,COL,-105.0
1595,TEX,102.0,BAL,-112.0
1596,MIN,160.0,CLE,-180.0
1597,CWS,126.0,DET,-141.0
1598,KAN,130.0,TAM,-145.0
1599,TOR,-101.0,HOU,-109.0
1600,OAK,114.0,LAA,-124.0
1601,BOS,-117.0,SEA,107.0
1602,NYM,-106.0,NYY,-104.0
1603,STL,-149.0,CIN,134.0
1604,SFO,-117.0,PHI,107.0
1605,PIT,-128.0,ATL,118.0
1606,LOS,-170.0,COL,150.0
1607,MIN,140.0,CLE,-155.0
1608,KAN,119.0,TAM,-129.0
1609,CWS,113.0,DET,-123.0
1610,OAK,108.0,LAA,-118.0
1611,TEX,117.0,BAL,-127.0
1612,TOR,-112.0,HOU,102.0
1613,BOS,-140.0,SEA,125.0
1614,NYM,129.0,NYY,-144.0
1615,CIN,143.0,PIT,-158.0
1616,SFO,145.0,WAS,-160.0
1617,ATL,200.0,STL,-230.0
1618,MIA,-122.0,COL,112.0
1619,MIL,106.0,ARI,-116.0
1620,PHI,-105.0,SDG,-105.0
1621,CLE,103.0,NYY,-113.0
1622,MIN,115.0,TAM,-130.0
1623,BAL,-117.0,CWS,107.0
1624,TEX,157.0,HOU,-177.0
1625,TOR,-155.0,KAN,140.0
1626,LAA,190.0,SEA,-220.0
1627,NYM,133.0,DET,-148.0
1628,CUB,-215.0,OAK,185.0
1629,BOS,125.0,LOS,-140.0
1630,CIN,115.0,PIT,-130.0
1631,SFO,185.0,WAS,-215.0
1632,ATL,200.0,STL,-240.0
1633,MIA,107.0,COL,-117.0
1634,MIL,118.0,ARI,-128.0
1635,PHI,100.0,SDG,-110.0
1636,CLE,-195.0,NYY,175.0
1637,MIN,126.0,TAM,-141.0
1638,BAL,-147.0,CWS,132.0
1639,TEX,131.0,HOU,-146.0
1640,TOR,-154.0,KAN,139.0
1641,LAA,-117.0,SEA,107.0
1642,BOS,101.0,LOS,-111.0
1643,CUB,-206.0,OAK,176.0
1644,NYM,165.0,DET,-185.0
1645,CIN,155.0,PIT,-175.0
1646,SFO,-140.0,WAS,125.0
1647,ATL,175.0,STL,-205.0
1648,MIA,130.0,COL,-145.0
1649,MIL,114.0,ARI,-124.0
1650,PHI,-101.0,SDG,-109.0
1651,CLE,-110.0,NYY,100.0
1652,MIN,116.0,TAM,-126.0
1653,BAL,-170.0,CWS,150.0
1654,TEX,-123.0,HOU,113.0
1655,TOR,-154.0,KAN,139.0
1656,LAA,119.0,SEA,-129.0
1657,NYM,-130.0,DET,115.0
1658,CUB,-180.0,OAK,160.0
1659,BOS,-111.0,LOS,101.0
1660,SFO,129.0,MIA,-144.0
1661,ATL,147.0,MIL,-162.0
1662,CIN,176.0,STL,-196.0
1663,PHI,225.0,LOS,-265.0
1664,TAM,138.0,TOR,-153.0
1665,HOU,-126.0,MIN,116.0
1666,BAL,-152.0,OAK,137.0
1667,DET,119.0,SEA,-134.0
1668,TEX,-124.0,COL,114.0
1669,SDG,141.0,PIT,-156.0
1670,SFO,-103.0,MIA,-107.0
1671,ARI,118.0,NYM,-133.0
1672,ATL,110.0,MIL,-120.0
1673,CIN,170.0,STL,-200.0
1674,PHI,185.0,LOS,-215.0
1675,TAM,170.0,TOR,-200.0
1676,NYY,141.0,BOS,-156.0
1677,HOU,-132.0,MIN,117.0
1678,CWS,-147.0,KAN,132.0
1679,BAL,-140.0,OAK,125.0
1680,DET,109.0,SEA,-119.0
1681,TEX,-108.0,COL,-102.0
1682,CLE,160.0,WAS,-180.0
1683,LAA,200.0,CUB,-230.0
1684,SFO,-112.0,MIA,102.0
1685,PHI,175.0,LOS,-205.0
1686,SDG,165.0,PIT,-185.0
1687,ARI,104.0,NYM,-114.0
1688,CIN,148.0,STL,-163.0
1689,ATL,126.0,MIL,-141.0
1690,TAM,166.0,TOR,-186.0
1691,NYY,175.0,BOS,-195.0
1692,CWS,100.0,KAN,-110.0
1693,BAL,-140.0,OAK,125.0
1694,DET,-113.0,SEA,103.0
1695,CLE,114.0,WAS,-124.0
1696,LAA,175.0,CUB,-205.0
1697,COL,175.0,TEX,-195.0
1698,ARI,200.0,NYM,-240.0
1699,SDG,170.0,PIT,-200.0
1700,ATL,117.0,MIL,-127.0
1701,STL,153.0,CUB,-173.0
1702,HOU,-109.0,MIN,-101.0
1703,BAL,-140.0,OAK,125.0
1704,NYY,119.0,BOS,-129.0
1705,LAA,215.0,CLE,-255.0
1706,CWS,145.0,KAN,-160.0
1707,COL,125.0,TEX,-140.0
1708,HOU,-122.0,MIN,112.0
1709,STL,160.0,CUB,-180.0
1710,ATL,215.0,WAS,-255.0
1711,COL,-149.0,PHI,134.0
1712,SDG,135.0,NYM,-150.0
1713,CIN,-105.0,MIL,-105.0
1714,PIT,150.0,LOS,-170.0
1715,TAM,-110.0,NYY,100.0
1716,HOU,-106.0,TOR,-104.0
1717,LAA,143.0,CLE,-158.0
1718,DET,180.0,TEX,-210.0
1719,KAN,112.0,MIN,-122.0
1720,SEA,114.0,OAK,-124.0
1721,CWS,118.0,MIA,-133.0
1722,ARI,220.0,BOS,-260.0
1723,BAL,-117.0,SFO,107.0
1724,STL,180.0,CUB,-210.0
1725,PIT,-101.0,LOS,-109.0
1726,ATL,152.0,WAS,-172.0
1727,COL,-124.0,PHI,114.0
1728,SDG,200.0,NYM,-240.0
1729,CIN,115.0,MIL,-125.0
1730,TAM,126.0,NYY,-141.0
1731,HOU,139.0,TOR,-154.0
1732,KAN,125.0,MIN,-140.0
1733,LAA,114.0,CLE,-124.0
1734,DET,162.0,TEX,-182.0
1735,SEA,-145.0,OAK,130.0
1736,CWS,150.0,MIA,-170.0
1737,ARI,180.0,BOS,-210.0
1738,BAL,140.0,SFO,-155.0
1739,STL,150.0,CUB,-170.0
1740,SDG,150.0,NYM,-170.0
1741,COL,-109.0,PHI,-101.0
1742,ATL,200.0,WAS,-240.0
1743,CIN,-108.0,MIL,-102.0
1744,PIT,157.0,LOS,-177.0
1745,TAM,100.0,NYY,-110.0
1746,HOU,143.0,TOR,-158.0
1747,LAA,200.0,CLE,-240.0
1748,KAN,103.0,MIN,-113.0
1749,DET,125.0,TEX,-140.0
1750,SEA,-117.0,OAK,107.0
1751,CWS,-153.0,MIA,138.0
1752,ARI,160.0,BOS,-180.0
1753,BAL,132.0,SFO,-147.0
1754,MIA,-121.0,CIN,111.0
1755,WAS,-205.0,COL,175.0
1756,NYM,112.0,ARI,-122.0
1757,PIT,119.0,SFO,-129.0
1758,BOS,-110.0,CLE,100.0
1759,TOR,-107.0,NYY,-103.0
1760,KAN,118.0,DET,-128.0
1761,OAK,160.0,TEX,-180.0
1762,SEA,-131.0,LAA,116.0
1763,SDG,175.0,TAM,-205.0
1764,MIL,185.0,CUB,-215.0
1765,LOS,-190.0,PHI,170.0
1766,MIA,102.0,CIN,-112.0
1767,MIL,171.0,CUB,-191.0
1768,WAS,-134.0,COL,119.0
1769,NYM,-159.0,ARI,144.0
1770,PIT,105.0,SFO,-115.0
1771,TOR,-107.0,NYY,-103.0
1772,BOS,-119.0,BAL,109.0
1773,KAN,103.0,DET,-113.0
1774,CWS,155.0,CLE,-175.0
1775,OAK,118.0,TEX,-128.0
1776,SEA,-107.0,LAA,-103.0
1777,MIN,-125.0,ATL,115.0
1778,SDG,170.0,TAM,-190.0
1779,STL,157.0,HOU,-177.0
1780,WAS,-161.0,COL,146.0
1781,PIT,127.0,SFO,-142.0
1782,LOS,-195.0,PHI,175.0
1783,MIA,-105.0,CIN,-105.0
1784,MIL,285.0,CUB,-335.0
1785,NYM,110.0,ARI,-120.0
1786,TOR,-170.0,NYY,150.0
1787,BOS,-113.0,BAL,103.0
1788,CWS,230.0,CLE,-270.0
1789,KAN,103.0,DET,-113.0
1790,OAK,211.0,TEX,-251.0
1791,SEA,118.0,LAA,-133.0
1792,SDG,175.0,TAM,-205.0
1793,STL,-103.0,HOU,-107.0
1794,MIN,-105.0,ATL,-105.0
1795,MIL,235.0,CUB,-275.0
1796,LOS,-161.0,PHI,146.0
1797,MIA,-183.0,CIN,163.0
1798,WAS,-140.0,ATL,125.0
1799,ARI,-114.0,SDG,104.0
1800,NYM,155.0,SFO,-175.0
1801,BOS,114.0,DET,-124.0
1802,HOU,109.0,BAL,-119.0
1803,CWS,175.0,CLE,-195.0
1804,MIN,111.0,KAN,-121.0
1805,SEA,-111.0,LAA,101.0
1806,MIA,190.0,PIT,-220.0
1807,STL,-174.0,PHI,154.0
1808,LOS,-171.0,CIN,151.0
1809,WAS,-126.0,ATL,116.0
1810,CUB,-134.0,COL,119.0
1811,NYM,170.0,SFO,-200.0
1812,ARI,-155.0,SDG,140.0
1813,HOU,-105.0,BAL,-105.0
1814,TEX,-141.0,TAM,126.0
1815,BOS,-114.0,DET,104.0
1816,TOR,132.0,CLE,-147.0
1817,OAK,-121.0,CWS,111.0
1818,MIN,128.0,KAN,-143.0
1819,NYY,-148.0,LAA,133.0
1820,MIL,170.0,SEA,-200.0
1821,NYM,135.0,SFO,-150.0
1822,MIA,111.0,PIT,-121.0
1823,STL,-123.0,PHI,113.0
1824,WAS,-279.0,ATL,239.0
1825,LOS,-141.0,CIN,126.0
1826,CUB,-140.0,COL,125.0
1827,ARI,-140.0,SDG,125.0
1828,TEX,101.0,TAM,-111.0
1829,HOU,126.0,BAL,-141.0
1830,BOS,-140.0,DET,125.0
1831,TOR,106.0,CLE,-116.0
1832,OAK,163.0,CWS,-183.0
1833,MIN,175.0,KAN,-195.0
1834,NYY,103.0,LAA,-113.0
1835,MIL,205.0,SEA,-235.0
1836,LOS,-149.0,CIN,134.0
1837,STL,-119.0,PHI,109.0
1838,WAS,-173.0,ATL,153.0
1839,MIA,139.0,PIT,-154.0
1840,NYM,-130.0,SFO,115.0
1841,CUB,-159.0,COL,144.0
1842,ARI,107.0,SDG,-117.0
1843,BOS,144.0,DET,-159.0
1844,TOR,147.0,CLE,-162.0
1845,TEX,104.0,TAM,-114.0
1846,HOU,-110.0,BAL,100.0
1847,OAK,163.0,CWS,-183.0
1848,MIN,157.0,KAN,-177.0
1849,NYY,-132.0,LAA,117.0
1850,MIL,158.0,SEA,-178.0
1851,LOS,-132.0,CIN,117.0
1852,COL,-108.0,MIL,-102.0
1853,ATL,108.0,ARI,-118.0
1854,CUB,-270.0,SDG,230.0
1855,BOS,-154.0,TAM,139.0
1856,CLE,-173.0,OAK,153.0
1857,NYY,-116.0,SEA,106.0
1858,HOU,126.0,PIT,-141.0
1859,WAS,145.0,BAL,-160.0
1860,COL,-116.0,MIL,106.0
1861,NYM,145.0,STL,-160.0
1862,ATL,109.0,ARI,-119.0
1863,CUB,-260.0,SDG,220.0
1864,SFO,-112.0,LOS,102.0
1865,LAA,130.0,TOR,-145.0
1866,BOS,113.0,TAM,-123.0
1867,DET,-108.0,MIN,-102.0
1868,CLE,-149.0,OAK,134.0
1869,NYY,139.0,SEA,-154.0
1870,HOU,-121.0,PIT,111.0
1871,WAS,144.0,BAL,-159.0
1872,TEX,-115.0,CIN,105.0
1873,KAN,-106.0,MIA,-104.0
1874,PHI,144.0,CWS,-159.0
1875,COL,-111.0,MIL,101.0
1876,CUB,-260.0,SDG,220.0
1877,NYM,-108.0,STL,-102.0
1878,ATL,119.0,ARI,-129.0
1879,SFO,125.0,LOS,-140.0
1880,CLE,-121.0,OAK,111.0
1881,NYY,-105.0,SEA,-105.0
1882,LAA,145.0,TOR,-160.0
1883,BOS,-131.0,TAM,116.0
1884,DET,-105.0,MIN,-105.0
1885,HOU,116.0,PIT,-131.0
1886,BAL,144.0,WAS,-159.0
1887,KAN,170.0,MIA,-200.0
1888,TEX,-210.0,CIN,180.0
1889,PHI,-105.0,CWS,-105.0
1890,NYM,150.0,STL,-170.0
1891,PIT,-120.0,MIL,110.0
1892,ATL,161.0,ARI,-181.0
1893,SFO,101.0,LOS,-111.0
1894,DET,-140.0,MIN,125.0
1895,BOS,-120.0,TAM,110.0
1896,LAA,236.0,TOR,-276.0
1897,CLE,136.0,TEX,-151.0
1898,SEA,-155.0,CWS,140.0
1899,BAL,180.0,WAS,-210.0
1900,KAN,105.0,MIA,-115.0
1901,COL,171.0,WAS,-201.0
1902,SDG,159.0,MIA,-179.0
1903,PHI,149.0,NYM,-164.0
1904,PIT,-126.0,MIL,116.0
1905,CIN,119.0,ARI,-134.0
1906,CUB,-148.0,LOS,133.0
1907,ATL,190.0,SFO,-220.0
1908,BAL,-105.0,NYY,-105.0
1909,MIN,200.0,TOR,-240.0
1910,KAN,145.0,BOS,-160.0
1911,LAA,175.0,DET,-205.0
1912,CLE,-153.0,TEX,138.0
1913,TAM,139.0,HOU,-154.0
1914,SEA,138.0,CWS,-153.0
1915,OAK,185.0,STL,-215.0
1916,COL,155.0,WAS,-175.0
1917,CUB,118.0,LOS,-133.0
1918,PIT,-161.0,MIL,146.0
1919,PHI,180.0,NYM,-210.0
1920,SDG,107.0,MIA,-117.0
1921,CIN,-109.0,ARI,-101.0
1922,ATL,116.0,SFO,-126.0
1923,BAL,110.0,NYY,-120.0
1924,MIN,175.0,TOR,-205.0
1925,KAN,141.0,BOS,-156.0
1926,LAA,180.0,DET,-210.0
1927,TAM,175.0,HOU,-195.0
1928,SEA,130.0,CWS,-145.0
1929,CLE,-147.0,TEX,132.0
1930,OAK,185.0,STL,-215.0
1931,PHI,116.0,NYM,-131.0
1932,SDG,135.0,MIA,-150.0
1933,COL,135.0,WAS,-150.0
1934,PIT,-141.0,MIL,126.0
1935,ATL,265.0,SFO,-315.0
1936,CIN,-118.0,ARI,108.0
1937,CUB,-168.0,LOS,153.0
1938,BAL,-121.0,NYY,111.0
1939,MIN,152.0,TOR,-172.0
1940,LAA,127.0,DET,-142.0
1941,KAN,135.0,BOS,-150.0
1942,TAM,107.0,HOU,-117.0
1943,SEA,-101.0,CWS,-109.0
1944,CLE,-116.0,TEX,106.0
1945,OAK,136.0,STL,-151.0
1946,WAS,-195.0,PHI,175.0
1947,MIA,-156.0,NYM,141.0
1948,STL,-134.0,MIL,119.0
1949,PIT,200.0,CUB,-240.0
1950,LOS,-122.0,COL,112.0
1951,TOR,-142.0,BAL,127.0
1952,TAM,151.0,BOS,-171.0
1953,MIN,175.0,CLE,-195.0
1954,CWS,170.0,DET,-200.0
1955,SEA,149.0,TEX,-164.0
1956,OAK,157.0,HOU,-177.0
1957,NYY,-125.0,KAN,115.0
1958,CIN,157.0,LAA,-177.0
1959,WAS,-215.0,PHI,185.0
1960,MIA,116.0,NYM,-126.0
1961,SDG,170.0,ATL,-190.0
1962,PIT,180.0,CUB,-210.0
1963,STL,-163.0,MIL,148.0
1964,ARI,148.0,SFO,-163.0
1965,TOR,-144.0,BAL,129.0
1966,TAM,151.0,BOS,-171.0
1967,CWS,162.0,DET,-182.0
1968,MIN,175.0,CLE,-195.0
1969,SEA,139.0,TEX,-154.0
1970,OAK,175.0,HOU,-195.0
1971,NYY,-141.0,KAN,126.0
1972,CIN,128.0,LAA,-143.0
1973,LOS,132.0,COL,-147.0
1974,ARI,154.0,SFO,-174.0
1975,WAS,-210.0,PHI,180.0
1976,MIA,147.0,NYM,-162.0
1977,SDG,128.0,ATL,-143.0
1978,PIT,156.0,CUB,-176.0
1979,STL,-148.0,MIL,133.0
1980,CWS,109.0,DET,-119.0
1981,TAM,146.0,BOS,-161.0
1982,SEA,-104.0,TEX,-106.0
1983,OAK,200.0,HOU,-230.0
1984,TOR,-160.0,BAL,145.0
1985,MIN,270.0,CLE,-320.0
1986,NYY,135.0,KAN,-150.0
1987,CIN,-113.0,LAA,103.0
1988,LOS,-160.0,COL,145.0
1989,SDG,130.0,ATL,-145.0
1990,MIA,221.0,NYM,-261.0
1991,SFO,125.0,CUB,-140.0
1992,CWS,-113.0,MIN,103.0
1993,SFO,205.0,CUB,-235.0
1994,MIL,164.0,PIT,-184.0
1995,ATL,126.0,PHI,-141.0
1996,WAS,145.0,NYM,-160.0
1997,STL,-142.0,CIN,127.0
1998,ARI,-119.0,COL,109.0
1999,SDG,215.0,LOS,-255.0
2000,NYY,128.0,BAL,-143.0
2001,TOR,-155.0,TAM,140.0
2002,HOU,-101.0,TEX,-109.0
2003,CWS,-116.0,MIN,106.0
2004,DET,129.0,KAN,-144.0
2005,BOS,-160.0,OAK,145.0
2006,LAA,119.0,SEA,-129.0
2007,MIA,271.0,CLE,-321.0
2008,SFO,116.0,CUB,-131.0
2009,STL,-120.0,CIN,110.0
2010,ATL,109.0,PHI,-119.0
2011,MIL,175.0,PIT,-195.0
2012,WAS,-134.0,NYM,119.0
2013,ARI,161.0,COL,-181.0
2014,SDG,245.0,LOS,-285.0
2015,HOU,-140.0,TEX,125.0
2016,TOR,-141.0,TAM,126.0
2017,NYY,150.0,BAL,-170.0
2018,CWS,126.0,MIN,-141.0
2019,DET,114.0,KAN,-124.0
2020,BOS,-205.0,OAK,175.0
2021,LAA,116.0,SEA,-126.0
2022,MIA,102.0,CLE,-112.0
2023,STL,-210.0,CIN,180.0
2024,WAS,106.0,NYM,-116.0
2025,ATL,-176.0,PHI,156.0
2026,MIL,165.0,PIT,-185.0
2027,SFO,127.0,CUB,-142.0
2028,SDG,181.0,LOS,-211.0
2029,ARI,175.0,COL,-195.0
2030,TOR,-111.0,TAM,101.0
2031,NYY,106.0,BAL,-116.0
2032,CWS,119.0,MIN,-134.0
2033,DET,-105.0,KAN,-105.0
2034,HOU,144.0,TEX,-159.0
2035,BOS,-121.0,OAK,111.0
2036,LAA,105.0,SEA,-115.0
2037,MIA,185.0,CLE,-215.0
2038,PHI,-116.0,MIA,106.0
2039,NYM,-105.0,CIN,-105.0
2040,CUB,-183.0,MIL,163.0
2041,STL,-105.0,PIT,-105.0
2042,ATL,227.0,WAS,-267.0
2043,SFO,-105.0,COL,-105.0
2044,ARI,149.0,LOS,-164.0
2045,TOR,138.0,NYY,-153.0
2046,BAL,103.0,TAM,-113.0
2047,KAN,-134.0,MIN,119.0
2048,LAA,115.0,OAK,-130.0
2049,DET,-108.0,CWS,-102.0
2050,TEX,-122.0,SEA,112.0
2051,HOU,-105.0,CLE,-105.0
2052,BOS,-210.0,SDG,180.0
2053,ATL,200.0,WAS,-230.0
2054,STL,-117.0,PIT,107.0
2055,NYM,110.0,CIN,-120.0
2056,PHI,125.0,MIA,-140.0
2057,CUB,-168.0,MIL,153.0
2058,SFO,145.0,COL,-160.0
2059,ARI,170.0,LOS,-190.0
2060,TOR,-161.0,NYY,146.0
2061,BAL,119.0,TAM,-134.0
2062,HOU,175.0,CLE,-205.0
2063,DET,-123.0,CWS,113.0
2064,KAN,112.0,MIN,-122.0
2065,LAA,-109.0,OAK,-101.0
2066,TEX,140.0,SEA,-155.0
2067,BOS,-195.0,SDG,175.0
2068,NYM,-161.0,CIN,146.0
2069,STL,111.0,PIT,-121.0
2070,ATL,200.0,WAS,-230.0
2071,PHI,118.0,MIA,-133.0
2072,CUB,-175.0,MIL,155.0
2073,SFO,-119.0,COL,109.0
2074,ARI,116.0,LOS,-126.0
2075,BAL,-122.0,TAM,112.0
2076,DET,116.0,CWS,-126.0
2077,LAA,134.0,OAK,-149.0
2078,TOR,-176.0,NYY,156.0
2079,HOU,161.0,CLE,-181.0
2080,KAN,-157.0,MIN,142.0
2081,TEX,106.0,SEA,-116.0
2082,BOS,-241.0,SDG,201.0
2083,PHI,180.0,WAS,-210.0
2084,CIN,153.0,PIT,-173.0
2085,MIL,141.0,STL,-156.0
2086,COL,119.0,SDG,-129.0
2087,HOU,125.0,CLE,-140.0
2088,TAM,119.0,NYY,-129.0
2089,TEX,119.0,SEA,-134.0
2090,PHI,235.0,WAS,-275.0
2091,CIN,146.0,PIT,-161.0
2092,LOS,-163.0,MIA,148.0
2093,NYM,116.0,ATL,-126.0
2094,MIL,225.0,STL,-265.0
2095,SFO,-205.0,ARI,175.0
2096,COL,-113.0,SDG,103.0
2097,TAM,154.0,NYY,-174.0
2098,BOS,-109.0,TOR,-101.0
2099,BAL,-107.0,DET,-103.0
2100,KAN,108.0,CWS,-118.0
2101,CLE,-157.0,MIN,142.0
2102,TEX,-134.0,LAA,119.0
2103,SEA,-142.0,OAK,127.0
2104,CUB,-144.0,HOU,129.0
2105,CIN,150.0,PIT,-170.0
2106,PHI,255.0,WAS,-305.0
2107,NYM,-130.0,ATL,115.0
2108,LOS,-215.0,MIA,185.0
2109,MIL,175.0,STL,-195.0
2110,SFO,-186.0,ARI,166.0
2111,COL,-123.0,SDG,113.0
2112,TAM,126.0,NYY,-141.0
2113,BOS,141.0,TOR,-156.0
2114,SEA,-106.0,OAK,-104.0
2115,BAL,114.0,DET,-124.0
2116,CLE,-134.0,MIN,119.0
2117,KAN,-133.0,CWS,118.0
2118,TEX,-149.0,LAA,134.0
2119,CUB,100.0,HOU,-110.0
2120,LOS,-200.0,MIA,170.0
2121,CIN,134.0,PIT,-149.0
2122,NYM,-132.0,ATL,117.0
2123,PHI,205.0,WAS,-235.0
2124,MIL,154.0,STL,-174.0
2125,SFO,104.0,ARI,-114.0
2126,COL,-131.0,SDG,116.0
2127,TAM,113.0,NYY,-123.0
2128,BOS,136.0,TOR,-151.0
2129,BAL,148.0,DET,-163.0
2130,KAN,146.0,CWS,-161.0
2131,CLE,-215.0,MIN,185.0
2132,TEX,-112.0,LAA,102.0
2133,SEA,-155.0,OAK,140.0
2134,CUB,-143.0,HOU,128.0
2135,PIT,-140.0,PHI,125.0
2136,NYM,116.0,WAS,-131.0
2137,MIA,108.0,ATL,-118.0
2138,MIL,-103.0,CIN,-107.0
2139,CUB,-142.0,STL,127.0
2140,COL,-134.0,ARI,119.0
2141,SDG,255.0,SFO,-305.0
2142,TAM,150.0,TOR,-170.0
2143,BAL,175.0,BOS,-205.0
2144,MIN,122.0,DET,-137.0
2145,OAK,131.0,KAN,-146.0
2146,CLE,-195.0,CWS,175.0
2147,TEX,119.0,HOU,-134.0
2148,SEA,106.0,LAA,-116.0
2149,LOS,-155.0,NYY,140.0
2150,NYM,-115.0,WAS,105.0
2151,PIT,-151.0,PHI,136.0
2152,MIL,113.0,CIN,-123.0
2153,MIA,115.0,ATL,-125.0
2154,CUB,102.0,STL,-112.0
2155,COL,148.0,ARI,-163.0
2156,SDG,135.0,SFO,-150.0
2157,TAM,155.0,TOR,-175.0
2158,BAL,141.0,BOS,-156.0
2159,MIN,149.0,DET,-164.0
2160,OAK,150.0,KAN,-170.0
2161,CLE,109.0,CWS,-119.0
2162,TEX,131.0,HOU,-146.0
2163,SEA,-130.0,LAA,115.0
2164,LOS,-106.0,NYY,-104.0
2165,CUB,-134.0,STL,119.0
2166,SDG,225.0,SFO,-265.0
2167,NYM,165.0,WAS,-185.0
2168,PIT,-111.0,PHI,101.0
2169,MIL,106.0,CIN,-116.0
2170,MIA,-145.0,ATL,130.0
2171,COL,115.0,ARI,-130.0
2172,TAM,128.0,TOR,-143.0
2173,BAL,142.0,BOS,-157.0
2174,MIN,155.0,DET,-175.0
2175,OAK,112.0,KAN,-122.0
2176,CLE,-114.0,CWS,104.0
2177,TEX,151.0,HOU,-171.0
2178,SEA,-157.0,LAA,142.0
2179,LOS,-171.0,NYY,151.0
2180,PIT,112.0,PHI,-122.0
2181,MIL,190.0,CUB,-220.0
2182,LOS,-220.0,ARI,190.0
2183,STL,145.0,SFO,-160.0
2184,MIN,135.0,DET,-150.0
2185,CLE,-142.0,CWS,127.0
2186,TAM,110.0,BAL,-120.0
2187,NYY,118.0,BOS,-128.0
2188,OAK,134.0,KAN,-149.0
2189,TOR,-170.0,LAA,150.0
2190,MIL,148.0,CUB,-163.0
2191,MIA,-141.0,PHI,126.0
2192,PIT,-119.0,CIN,109.0
2193,WAS,-265.0,ATL,225.0
2194,SDG,144.0,COL,-159.0
2195,LOS,-141.0,ARI,126.0
2196,STL,105.0,SFO,-115.0
2197,TAM,-104.0,BAL,-106.0
2198,NYY,153.0,BOS,-173.0
2199,DET,165.0,CLE,-185.0
2200,OAK,171.0,TEX,-201.0
2201,CWS,-127.0,KAN,117.0
2202,TOR,-145.0,LAA,130.0
2203,HOU,116.0,SEA,-131.0
2204,MIN,154.0,NYM,-174.0
2205,WAS,-164.0,ATL,149.0
2206,MIL,178.0,CUB,-208.0
2207,PIT,-113.0,CIN,103.0
2208,MIA,-101.0,PHI,-109.0
2209,LOS,-154.0,ARI,139.0
2210,SDG,170.0,COL,-200.0
2211,STL,118.0,SFO,-128.0
2212,NYY,222.0,BOS,-262.0
2213,DET,119.0,CLE,-134.0
2214,TAM,125.0,BAL,-140.0
2215,CWS,118.0,KAN,-128.0
2216,OAK,213.0,TEX,-253.0
2217,TOR,-140.0,LAA,125.0
2218,HOU,126.0,SEA,-141.0
2219,MIN,135.0,NYM,-150.0
2220,PIT,-116.0,CIN,106.0
2221,PIT,-133.0,CIN,118.0
2222,MIA,-120.0,PHI,110.0
2223,WAS,-143.0,ATL,128.0
2224,MIL,290.0,CUB,-350.0
2225,STL,-115.0,SFO,105.0
2226,SDG,166.0,COL,-186.0
2227,LOS,-129.0,ARI,119.0
2228,NYY,159.0,BOS,-179.0
2229,DET,126.0,CLE,-141.0
2230,TAM,139.0,BAL,-154.0
2231,CWS,107.0,KAN,-117.0
2232,OAK,152.0,TEX,-172.0
2233,TOR,-158.0,LAA,143.0
2234,HOU,100.0,SEA,-110.0
2235,MIN,117.0,NYM,-132.0
2236,WAS,119.0,MIA,-129.0
2237,ATL,225.0,NYM,-265.0
2238,CIN,235.0,CUB,-275.0
2239,STL,-116.0,COL,106.0
2240,ARI,138.0,SDG,-153.0
2241,SFO,161.0,LOS,-181.0
2242,CWS,113.0,KAN,-123.0
2243,BOS,-126.0,BAL,116.0
2244,LAA,117.0,TEX,-132.0
2245,HOU,-114.0,OAK,104.0
2246,TOR,107.0,SEA,-117.0
2247,ATL,113.0,NYM,-123.0
2248,WAS,159.0,MIA,-179.0
2249,CIN,255.0,CUB,-295.0
2250,PIT,-123.0,MIL,113.0
2251,STL,-123.0,COL,113.0
2252,ARI,-120.0,SDG,110.0
2253,SFO,132.0,LOS,-147.0
2254,BOS,138.0,BAL,-153.0
2255,NYY,-115.0,TAM,105.0
2256,KAN,142.0,CLE,-157.0
2257,LAA,173.0,TEX,-193.0
2258,DET,-111.0,MIN,101.0
2259,HOU,-130.0,OAK,115.0
2260,TOR,-114.0,SEA,104.0
2261,CWS,-102.0,PHI,-108.0
2262,STL,-130.0,COL,115.0
2263,ATL,158.0,NYM,-178.0
2264,WAS,-210.0,MIA,180.0
2265,CIN,251.0,CUB,-291.0
2266,PIT,-132.0,MIL,117.0
2267,ARI,-127.0,SDG,117.0
2268,SFO,136.0,LOS,-151.0
2269,HOU,-174.0,OAK,154.0
2270,TOR,-124.0,SEA,114.0
2271,BOS,-105.0,BAL,-105.0
2272,NYY,-124.0,TAM,114.0
2273,KAN,165.0,CLE,-185.0
2274,LAA,134.0,TEX,-149.0
2275,CWS,-149.0,PHI,134.0
2276,ATL,125.0,MIA,-140.0
2277,PHI,144.0,NYM,-159.0
2278,PIT,-121.0,MIL,111.0
2279,SFO,-157.0,SDG,142.0
2280,COL,218.0,LOS,-258.0
2281,BOS,-124.0,BAL,114.0
2282,NYY,116.0,TAM,-131.0
2283,KAN,127.0,CLE,-142.0
2284,DET,-152.0,MIN,137.0
2285,LAA,147.0,HOU,-162.0
2286,DET,-145.0,MIN,130.0
2287,STL,175.0,CUB,-195.0
2288,WAS,108.0,PIT,-118.0
2289,ATL,135.0,MIA,-150.0
2290,PHI,134.0,NYM,-149.0
2291,CIN,106.0,MIL,-116.0
2292,COL,155.0,LOS,-175.0
2293,SFO,-156.0,SDG,141.0
2294,NYY,185.0,TOR,-215.0
2295,BOS,-116.0,TAM,106.0
2296,KAN,116.0,DET,-131.0
2297,CWS,160.0,CLE,-180.0
2298,LAA,131.0,HOU,-146.0
2299,SEA,-176.0,MIN,156.0
2300,TEX,-156.0,OAK,141.0
2301,ARI,200.0,BAL,-230.0
2302,STL,126.0,CUB,-141.0
2303,WAS,100.0,PIT,-110.0
2304,ATL,175.0,MIA,-205.0
2305,PHI,181.0,NYM,-211.0
2306,CIN,-104.0,MIL,-106.0
2307,SFO,-240.0,SDG,200.0
2308,COL,290.0,LOS,-340.0
2309,NYY,205.0,TOR,-235.0
2310,TEX,-117.0,OAK,107.0
2311,BOS,-145.0,TAM,130.0
2312,LAA,126.0,HOU,-141.0
2313,CWS,129.0,CLE,-144.0
2314,KAN,146.0,DET,-161.0
2315,SEA,-140.0,MIN,125.0
2316,ARI,136.0,BAL,-151.0
2317,PHI,175.0,NYM,-195.0
2318,WAS,125.0,PIT,-140.0
2319,CIN,116.0,MIL,-131.0
2320,STL,153.0,CUB,-173.0
2321,COL,129.0,LOS,-144.0
2322,SFO,-119.0,SDG,109.0
2323,NYY,116.0,TOR,-126.0
2324,BOS,-124.0,TAM,114.0
2325,KAN,138.0,DET,-153.0
2326,CWS,149.0,CLE,-164.0
2327,LAA,165.0,HOU,-185.0
2328,SEA,-146.0,MIN,131.0
2329,TEX,101.0,OAK,-111.0
2330,ARI,220.0,BAL,-260.0
2331,ARI,156.0,WAS,-176.0
2332,CUB,-163.0,PIT,148.0
2333,NYM,109.0,MIA,-119.0
2334,CIN,215.0,STL,-255.0
2335,NYY,180.0,TOR,-210.0
2336,CLE,-177.0,DET,157.0
2337,TAM,-130.0,CWS,115.0
2338,SEA,113.0,HOU,-123.0
2339,OAK,-108.0,LAA,-102.0
2340,MIL,160.0,TEX,-180.0
2341,CUB,-148.0,PIT,133.0
2342,ARI,230.0,WAS,-270.0
2343,NYM,-174.0,MIA,154.0
2344,PHI,133.0,ATL,-148.0
2345,CIN,200.0,STL,-230.0
2346,LOS,-235.0,SDG,205.0
2347,COL,170.0,SFO,-200.0
2348,BOS,-220.0,NYY,190.0
2349,BAL,115.0,TOR,-125.0
2350,CLE,240.0,DET,-280.0
2351,MIN,152.0,KAN,-172.0
2352,SEA,100.0,HOU,-110.0
2353,TAM,152.0,CWS,-172.0
2354,OAK,109.0,LAA,-119.0
2355,MIL,170.0,TEX,-190.0
2356,CUB,-172.0,PIT,152.0
2357,ARI,148.0,WAS,-163.0
2358,PHI,136.0,ATL,-151.0
2359,NYM,105.0,MIA,-115.0
2360,CIN,158.0,STL,-178.0
2361,LOS,-185.0,SDG,165.0
2362,COL,161.0,SFO,-181.0
2363,SEA,-127.0,HOU,117.0
2364,BOS,-124.0,NYY,114.0
2365,BAL,136.0,TOR,-151.0
2366,CLE,115.0,DET,-130.0
2367,MIN,115.0,KAN,-130.0
2368,TAM,-113.0,CWS,103.0
2369,OAK,104.0,LAA,-114.0
2370,MIL,185.0,TEX,-215.0
2371,ARI,119.0,WAS,-134.0
2372,CUB,135.0,PIT,-150.0
2373,PHI,110.0,ATL,-120.0
2374,CIN,176.0,STL,-196.0
2375,LOS,-158.0,SDG,143.0
2376,COL,175.0,SFO,-205.0
2377,BOS,146.0,NYY,-161.0
2378,BAL,170.0,TOR,-200.0
2379,MIN,174.0,KAN,-194.0
2380,TAM,109.0,CWS,-119.0
2381,OAK,143.0,SEA,-158.0
2382,MIA,130.0,WAS,-145.0
2383,NYM,-176.0,PHI,156.0
2384,CUB,-172.0,CIN,152.0
2385,MIL,125.0,COL,-140.0
2386,PIT,166.0,STL,-186.0
2387,SDG,114.0,ARI,-124.0
2388,LOS,145.0,SFO,-160.0
2389,BAL,145.0,NYY,-160.0
2390,TOR,140.0,BOS,-155.0
2391,TAM,185.0,TEX,-215.0
2392,MIN,139.0,CWS,-154.0
2393,CLE,-127.0,KAN,117.0
2394,HOU,-130.0,LAA,115.0
2395,OAK,179.0,SEA,-199.0
2396,DET,-140.0,ATL,125.0
2397,MIA,150.0,WAS,-170.0
2398,LOS,-215.0,SFO,185.0
2399,CUB,-220.0,CIN,190.0
2400,PIT,153.0,STL,-173.0
2401,NYM,-170.0,PHI,150.0
2402,MIL,116.0,COL,-131.0
2403,SDG,116.0,ARI,-131.0
2404,TOR,-118.0,BOS,108.0
2405,BAL,-115.0,NYY,105.0
2406,CLE,-143.0,KAN,128.0
2407,MIN,112.0,CWS,-122.0
2408,TAM,-116.0,TEX,106.0
2409,HOU,-115.0,LAA,105.0
2410,OAK,151.0,SEA,-171.0
2411,DET,-188.0,ATL,168.0
2412,NYM,136.0,PHI,-151.0
2413,MIA,220.0,WAS,-260.0
2414,LOS,106.0,SFO,-116.0
2415,SDG,141.0,ARI,-156.0
2416,MIL,136.0,COL,-151.0
2417,CUB,-240.0,CIN,200.0
2418,PIT,185.0,STL,-215.0
2419,BAL,-142.0,NYY,127.0
2420,OAK,111.0,SEA,-121.0
2421,TOR,104.0,BOS,-114.0
2422,TAM,140.0,TEX,-155.0
2423,HOU,114.0,LAA,-124.0
2424,MIN,225.0,CWS,-265.0
2425,CLE,-120.0,KAN,110.0
2426,DET,-153.0,ATL,138.0
